"host_id","count"
,0
46612869,2
45848052,1
27482403,1
42520468,1
41165682,1
51883557,1
19270095,1
35716985,2
6902105,1
26158771,1
2672557,1
1361583,2
50618596,1
29376135,1
18158464,1
5979082,1
4212468,2
45276687,1
6771003,1
61510137,1
28461166,2
44845937,1
47976037,1
30289460,1
6038469,2
39785133,1
8464082,1
2571838,1
6040402,1
1706469,1
2690440,4
1004147,5
4313721,1
55242124,1
17035919,1
5010803,1
3039107,25
2682472,1
1424745,3
15366340,1
1414702,1
5712331,1
5100463,1
31999892,2
2635504,1
50282691,1
10637954,1
12637232,8
3986759,1
30536819,1
40608542,2
6524172,1
13913862,1
5221907,3
33333968,1
17329184,1
16077423,2
3246867,3
28277176,2
47963908,1
64174810,1
39471162,1
38592260,2
15754992,1
48605790,1
27256558,2
3682696,1
508621,1
39497836,1
1778624,4
26574392,3
58371678,1
3602165,1
5199459,1
2570705,1
13750382,1
33924492,1
8683017,2
18059251,1
41658554,1
49620484,2
2476669,1
45199950,1
21282536,1
6239810,1
27576460,1
20563581,1
28219776,1
25737980,1
23290295,1
11761915,2
45224780,2
15892125,24
37780061,1
3735179,2
12260475,2
8621858,1
40706196,1
7451338,1
79440,1
19325837,1
4114903,1
22033231,1
48038366,1
51067760,1
28362608,1
15123933,1
18133773,1
48158496,2
10884335,1
30014023,2
32978151,1
23966581,1
7090170,2
60054567,1
41392503,1
12035406,1
60951178,1
62789927,1
2897671,1
36343110,1
7406364,1
22095312,1
24398360,2
4574022,1
35421811,1
4617953,1
6474972,1
46009150,2
48488293,2
14647204,1
41244685,1
7943889,1
1673592,1
24826130,2
7882253,1
47646128,1
28300778,1
38277145,1
9935841,1
33669799,1
3147574,1
7523795,2
9625691,1
592357,1
15471601,1
2553762,3
595911,1
12122023,1
20866446,1
4860533,3
20144181,1
3257323,1
48779456,1
1749907,1
27514370,4
35402230,1
23645777,1
14119547,1
31526003,1
675195,1
35690246,6
1200577,1
4193907,1
9578253,1
5433647,2
59121868,1
11121396,2
43624890,2
28388457,6
9629893,1
37959716,2
19560433,1
3186016,2
17731552,2
2577086,1
3146415,1
10704,36
55536130,1
6142208,1
13953449,3
5740713,1
37535654,1
20717069,1
22944411,1
19496367,1
42355219,1
2237595,1
1583947,1
3396769,2
7778897,2
2303271,1
35018018,1
6838428,1
6876343,1
60496329,1
42092298,1
3517015,2
3256153,1
9323451,2
16449365,1
33854668,1
2710276,1
23850305,3
11532247,3
2989899,1
1879354,1
40280213,2
10028336,1
15571475,4
34936091,1
27053230,1
47554733,2
55033253,1
64447946,1
23525523,1
56687486,1
2856111,1
2821586,1
24405697,2
7329479,1
11925743,1
12637577,1
5170063,1
10278062,1
5617051,1
58185456,1
26780806,1
60098138,1
14299043,1
16932973,1
7372031,1
33681707,4
7579195,2
39963786,1
17082106,1
47170442,1
57160481,2
17698713,1
30593833,1
52240209,2
7104112,1
1986299,15
7700702,2
19427098,1
29632132,1
759946,1
2337603,3
11230337,3
26513095,3
4268101,2
63685310,1
1882342,1
15921184,1
15052431,3
45056336,1
37144970,1
42126528,1
21483975,1
18870898,1
10884463,1
54716258,2
49842769,1
8869344,3
39516403,1
49642056,2
4734780,1
8811801,1
19886428,7
15301164,1
17095135,1
7597192,1
6771166,1
40482907,1
47111710,1
2891713,1
56237701,1
62772868,1
13968035,14
6075624,1
48185813,1
28453883,1
60326583,1
8581999,2
41832053,6
45131351,1
7742863,2
25981516,3
2736874,1
46219024,4
6783114,1
29227330,4
17593459,1
26980176,2
30657808,1
12521767,1
62631512,1
52967951,1
36920417,1
15205607,1
1255733,2
24857149,2
2481770,1
6746848,1
19679074,3
14401247,1
5211851,1
3593614,1
50177318,1
56444802,1
1275637,41
15993424,1
41404536,1
3062167,1
17373199,1
37696424,1
14206640,2
12508549,1
33848547,1
2779682,1
9921076,1
4354288,1
2565364,1
1006512,1
8418467,2
36406258,1
5563440,2
41097633,1
50467411,6
10677321,1
24107794,3
38449512,9
23323272,1
24999508,2
4063266,1
2266431,1
38219709,1
62363977,1
38032782,1
65195536,1
38065235,5
3183153,2
22483608,1
35133277,2
29277962,2
17630523,1
28873929,1
18167452,1
2537484,9
9362932,1
45366671,1
9192400,1
54856741,1
29874672,1
21357628,1
71615,23
5256760,1
59158524,1
55131372,1
697547,1
36545745,1
283200,1
2878703,2
58762744,1
43840007,1
42653567,2
6426377,1
7024519,1
39814025,2
11140301,1
7401097,1
2501255,2
14281601,2
22601160,1
26242116,1
1194137,1
13724295,1
50055625,4
1098565,1
6486855,1
478821,1
54218757,1
21552856,1
32440208,1
2795488,1
16378140,1
47456581,1
29613208,4
29718364,1
30397858,1
14894254,1
57151478,1
12721972,1
19839594,1
46929037,1
23321357,1
1352184,1
41089867,1
35548924,1
6424582,1
60407587,1
62892978,1
586787,1
34258024,1
7392450,1
15685749,1
36213611,1
60761891,1
2836824,1
8471729,1
6935958,1
18482780,1
10072858,1
7209763,3
4882324,3
1541784,1
3031841,1
42881572,1
17640841,1
132973,2
36501331,2
65461910,1
2645216,2
7768429,2
10223142,21
37977372,1
6739691,1
12025078,1
53943070,1
13353481,1
8908765,1
60688373,1
40612458,1
29850665,1
28142435,1
40398699,1
14892489,1
13004596,1
37532888,1
19948124,1
20593890,1
15241813,1
47776344,1
56971171,1
9121565,1
8741702,1
1406951,2
22998997,1
7642571,3
1027356,3
1704101,2
16952771,1
15117919,1
24758058,1
1475411,1
1445197,1
20697899,1
16987393,3
51663087,2
19817645,1
37391179,1
3466872,2
255527,1
41878823,1
11287789,1
5808464,1
1561612,1
2400841,2
1890337,2
53192052,3
4676737,1
27159185,1
21175037,1
45155517,1
35789306,2
38911546,1
53257209,1
10007301,2
37082815,1
1701646,1
31983306,1
2736319,1
1350468,1
721378,4
9162942,1
33138450,1
16811012,1
8621770,1
26400564,2
1968590,2
32358546,1
43196783,2
929663,1
49627673,2
2864074,1
21550282,1
20694117,1
29505101,1
9200850,1
10892182,1
9740673,1
47977569,1
1412015,1
785984,1
38468459,3
3847135,1
27769068,4
15891417,1
31815927,1
16030611,1
58329798,3
20014494,1
8004548,1
1642180,1
3369141,1
29328558,1
1387640,1
19981709,3
2679712,2
5843487,7
24931874,2
46829368,1
2081950,1
5450946,1
17666817,1
3603785,1
16471551,1
26615521,1
7957006,1
5262401,1
58003778,1
4973632,1
39268198,2
39143792,1
12186274,1
3801899,1
37394894,1
27520277,1
30955935,1
18300775,1
5559536,2
19939081,1
10340721,1
19956565,1
26013923,5
64935120,1
6633836,1
1545691,1
29694447,1
1460866,1
47875914,1
34159165,1
63091472,1
10230130,1
17378212,1
18856707,1
12137501,1
35624152,1
1791796,8
7199745,2
28352034,1
48329255,1
14232953,1
7513891,1
9979611,3
7704228,1
8160375,1
17757096,1
61094722,2
431839,1
49253386,1
1718732,1
5871425,1
5713957,1
5337036,2
13799640,1
17820109,1
18666761,1
15951167,1
26068692,1
16456439,1
34580,1
12721569,1
49258090,1
8063624,1
1014050,1
1968137,1
61789155,1
61238521,1
2053965,1
2968616,1
38677979,1
28244927,1
23324177,1
18790009,1
34656008,1
1035045,3
10727554,1
17391341,1
26781307,1
51678708,1
36775222,1
273487,1
19584034,1
522545,2
61938445,1
1610857,1
38070558,1
21989836,3
3775349,1
14078041,1
34677435,1
6767012,4
9885329,1
10386910,1
33665295,1
59149309,1
57843280,1
6668752,3
18312815,1
50282028,1
49274711,1
3556337,3
13927723,1
2517378,1
32741452,1
7917741,1
12748953,1
2938552,2
7677298,1
2293257,1
18051054,3
1391607,51
23907258,1
1923810,1
44345056,1
18390137,1
9173317,1
10052309,1
8460510,1
65566067,1
29380657,5
37685759,3
15719572,1
39509442,1
4039955,1
5921524,1
5234837,2
1375446,1
502278,1
34292365,2
920336,1
37927556,1
21472437,2
3914795,1
32505539,1
53820632,1
18980028,1
10680020,1
2556699,1
46531473,1
36607755,4
29052533,1
3815217,1
17716195,2
8787664,1
37827395,1
12928854,1
2425848,1
5995906,1
62108531,2
5830221,2
15141973,1
3296191,1
17673945,1
36205368,4
22619210,1
16165511,1
2742863,1
60211523,1
25638929,1
5092396,1
46963628,1
4918494,1
2603961,7
4458924,1
29506348,3
43059034,1
494228,3
3522986,1
35231747,1
1618162,1
15707536,1
30378984,1
53845577,1
8844075,1
1633304,7
34355348,1
39804223,1
10133774,1
25881850,1
51534425,1
5900392,1
6099660,24
8424770,1
38835978,2
41226772,1
25100849,1
17421382,1
2346691,3
10236823,1
686428,3
19433869,3
12526894,1
29570655,1
12274801,2
16858780,1
9937583,1
4749906,1
8814538,1
4930260,1
19320657,2
54820073,1
46159733,3
2963026,2
17553745,1
8701289,3
13071658,1
3280701,1
24367851,1
4653599,2
1902744,2
24980628,1
20318796,1
49960888,1
8320794,1
4627509,1
24286294,1
5815130,2
13478629,1
4358678,2
24778251,1
53265215,1
13288676,8
23289152,1
59348511,1
7200778,1
1824036,1
57842007,1
15098123,1
1093718,13
2331334,1
6748455,1
59162148,10
22890682,2
7555617,1
15280071,1
5844271,1
36628021,1
31956229,1
56991826,1
59212213,1
9517174,2
15054392,2
46838720,3
23712372,3
21882055,1
21174433,1
17780241,1
9490737,2
40848896,1
14641194,1
40655788,1
36723807,1
36929805,1
22748824,1
43763896,1
16243308,1
38814162,1
54258677,1
38218137,1
32410328,1
48499598,1
4958560,1
3632916,2
42458468,1
2916484,1
13842214,1
9667715,2
5897477,1
8113530,1
21020280,3
12026451,1
5692445,4
1974315,1
6288543,3
17684817,1
26153633,1
3193594,2
7061760,1
14109681,1
50666467,1
3560699,1
57979365,1
21166896,1
3238232,2
8487833,1
19096048,1
59063813,1
62660606,1
14963672,1
40278187,1
60642108,1
10167073,1
5297440,1
11897267,3
47333975,1
17203422,1
1853675,15
5471409,1
26913749,1
30003032,6
11385540,1
1474179,1
5223003,1
2122967,1
14036379,1
14074766,1
1725307,2
9631490,1
4233698,9
7640278,1
14197519,2
7855820,1
6036028,1
11262321,1
16982045,1
49946477,1
56452028,1
40659739,1
16752548,1
48836482,1
7305607,1
28376927,1
13695732,1
35635516,1
25072553,1
2174933,4
12507225,1
28630883,1
27954529,9
40202792,1
58273489,1
29100140,1
208154,2
50669209,1
13779393,1
30420293,3
1001124,1
59293770,2
33983279,1
7611677,1
20880931,1
25573741,1
32830879,2
2926888,2
59190628,1
55530808,1
11543470,2
23018340,3
12251007,1
63906666,1
6567406,1
40256509,1
52630394,1
30188564,1
8304893,2
7854279,2
2975544,1
7213669,1
16675353,1
40885666,1
10095626,1
16779984,1
26717467,1
3123165,5
17408357,1
1706595,1
19395302,1
14979846,3
3536178,1
55329491,1
5157936,3
51082390,1
8917203,1
1542784,1
2581355,1
51888333,1
5360064,1
46763088,1
1314447,1
13332406,6
38285443,1
14044495,1
7130143,1
25782184,2
9737137,1
14978951,1
45234746,1
20221120,2
3317755,2
36837596,1
9964230,5
36605439,1
39529398,1
529756,2
2793529,1
36187810,1
28675338,2
49865870,1
488151,1
19806725,1
36426103,4
59367653,1
2302409,3
64881916,1
49604785,1
28419264,1
59568957,1
30215226,2
64399095,1
26193002,1
16295589,2
5223863,3
749525,1
3548161,2
17859387,1
3612838,2
49198796,1
602949,1
12858721,1
19211688,1
927506,2
10085010,1
35800588,1
42917124,1
27035307,1
6521082,10
2069340,4
25464275,1
16702954,1
7781117,1
7881305,1
11551436,1
16103158,1
33048789,2
1915191,1
5198167,1
21911831,1
5226055,2
31799569,1
24103673,1
21404016,1
4146917,2
51048714,1
41611797,2
34896071,3
3981757,1
35486641,1
21369843,1
1884158,1
13711640,1
46727362,1
19742325,1
15310647,1
33191444,1
2685486,1
6040875,1
7712303,1
9243347,1
26299729,1
28631272,2
7171594,1
8909895,2
2923400,1
50676476,1
10473547,1
26794841,1
41750999,2
2966284,1
17613293,1
4655860,2
62671551,1
16994270,1
3689753,2
29568377,2
4972085,1
2223127,1
2634211,1
19560368,1
7280944,2
5748709,1
11511696,1
25437842,2
2059864,1
37648307,1
38958115,1
16341930,3
21004295,2
15256420,1
16965610,1
5947431,1
41845413,1
43471260,1
7763086,1
172261,1
6749912,1
21308002,1
47994698,2
6849810,1
33204278,2
25932309,1
1939598,3
13125561,1
14548854,1
38065531,1
76355,4
14458726,2
34678149,1
49228940,1
8830124,1
2637214,1
1694625,1
11647677,1
24761593,1
8802547,1
5898323,1
32262478,1
18971029,3
2204578,2
44840307,1
37078579,1
14046286,1
46502128,4
22010486,1
54262183,1
2081668,3
13771654,1
1329256,2
16342475,1
14028855,1
51132602,1
3815279,1
27581535,1
36364388,1
26818681,1
7678192,3
56959421,1
5748247,2
11545963,2
59771164,1
11620077,1
32149076,2
631951,1
3145982,1
25698800,1
49239120,1
16411385,1
34973812,1
27698611,1
4452491,2
62125910,1
7025349,2
52528381,1
55673715,1
54723832,1
41858020,2
11944470,2
7128416,1
9670105,1
1377939,1
53545730,1
19509604,1
3611719,1
5984404,1
1412371,1
16253025,1
9794218,1
12888038,2
5669656,1
46468026,2
10802446,1
33572211,2
28558238,6
6449748,1
16412832,1
46935689,1
1141201,3
1565654,1
46579544,1
27794925,1
15755491,1
2138626,1
56469343,1
20803886,2
35152514,1
5286822,1
29048490,1
62061127,1
1743844,1
9877338,1
50382327,1
23624723,2
54310958,5
9303937,1
5940318,1
35967329,1
14306662,2
62213187,1
8848006,1
12182979,1
7047484,1
1193543,1
16734682,1
16311122,1
39609222,2
10344067,1
1993323,1
37543441,1
17420546,1
12600601,1
21128496,1
14377327,1
4226509,4
23290842,2
6871904,3
29500810,1
39734552,1
12269605,1
35096172,1
14952796,1
6553593,1
56472278,1
39522631,1
2189222,3
1721529,1
7051599,1
3336795,1
54836189,1
35143400,2
37149243,1
35322122,1
13577064,1
6854541,1
58851992,1
42327685,2
4156691,2
840757,2
4335472,4
4855882,3
65860670,1
3148068,1
34216187,2
1786501,1
6219791,1
14714591,3
7378194,2
2596905,1
8790476,1
19019582,1
47082029,1
28309853,2
2325239,1
7019831,2
15435307,1
22321053,1
23923228,1
22335573,1
9518808,1
7698583,2
5760363,3
43414634,1
5580323,1
41595150,1
957291,2
11394328,1
52738137,1
1995520,2
3399123,6
51273637,1
4427588,3
1970648,1
44824567,1
56441503,1
16103339,2
1332589,4
364381,1
8765174,1
16013304,1
15442692,1
18908190,2
51495397,1
19160243,3
14717181,2
35535154,9
15347090,1
42769640,1
10069375,1
2804421,1
64452635,1
17190390,4
27829566,1
19272619,1
3926499,2
49995359,1
9115968,1
180072,1
2935086,1
12104361,1
62209058,1
21259891,1
4861615,1
4246958,1
7030529,2
19672895,3
3006627,1
3498253,3
6656278,1
8493909,1
2934588,1
1719417,1
11898236,1
7041679,1
7769660,1
5756325,1
10615008,1
8902103,1
21831745,2
983886,1
3013560,1
51731660,1
2998130,1
54248780,3
23320213,3
17237274,1
8497369,1
44656053,1
317473,1
39910725,1
17584964,1
19242318,1
13238141,2
10192828,1
25830919,1
4145498,1
8843686,1
31732228,1
8864105,1
59856511,1
2688205,14
28804699,1
14260609,3
1117598,1
32912700,1
37477467,1
35484862,1
26256165,1
13087527,1
25462805,1
826476,9
34467140,1
3487870,2
7696922,3
3446677,2
8007335,1
42763747,1
13535613,2
5557094,1
6822847,1
34738541,3
15252527,1
24430739,1
9499102,1
7226897,1
6710791,1
13133141,1
27275713,1
49624038,1
55186845,1
54357534,1
3848373,3
37974907,1
65021905,1
5686988,1
3937749,1
493289,1
29871038,1
4283667,1
17439531,1
27572654,1
24103437,2
10794630,1
10655439,1
33674584,1
10174461,1
17553487,1
8127080,1
7823519,1
38348821,2
7357130,1
2602724,1
5427840,2
18873445,1
11070021,3
10915259,3
5082480,1
10925839,1
8990459,1
31937919,1
5021580,19
26166418,2
33138157,1
4352524,1
11357227,1
15006005,1
1944548,1
34373523,2
19646718,2
7046025,1
40883731,1
3085265,1
36704394,1
12796279,1
49417427,1
33372450,1
1588926,2
6703858,3
9466729,2
11357753,2
2753906,1
32466798,1
4386966,1
31325463,2
1930520,1
34344215,3
17194398,1
55665060,2
166195,1
3465149,2
13502036,2
39496778,1
10702484,2
7540454,1
23945554,1
18929963,1
19013284,3
9982961,1
17954141,2
17713529,1
22029967,2
10301333,1
62143651,1
21833853,1
2273819,2
13344539,3
6541513,2
1237702,1
46639484,1
55164025,1
7494690,1
28083850,1
8508352,2
17839020,1
2411278,4
4628536,1
1866685,1
40358934,1
12215445,1
3529004,1
7894301,1
46616186,1
9344411,1
2041256,4
65897255,1
45103184,1
24015666,1
10445396,2
31678816,1
3980475,1
5515046,1
5860395,1
16501477,3
9822728,11
4603241,2
24015951,3
15065217,1
23744663,2
13787865,1
10658063,1
38019231,1
17193660,2
59426091,1
43666610,1
31147073,1
58758578,1
14553222,1
2638282,1
4258344,5
24027642,1
34730646,1
14273463,2
47090941,1
38989932,2
59713878,1
41293717,2
2394743,3
6597170,1
6788144,1
16918153,1
10297515,2
3266769,2
6759262,1
2105783,1
10195643,1
4895881,1
15759497,2
5809042,1
3059308,1
1359702,2
2838840,1
21349238,1
7255295,3
9937293,6
3390554,1
8728937,1
26253178,1
4048178,2
23213732,3
16134960,1
135703,16
3501513,4
1867966,1
54635321,2
22852973,1
3549758,1
38888335,1
14469428,1
4053184,2
37917491,1
5610456,2
10914825,2
29464380,1
1993076,2
44010285,1
12770526,1
20412430,1
31548686,1
6643422,2
33739953,1
9548670,2
5878688,8
2710403,1
40676061,23
16330475,2
4880193,1
33036576,1
1263168,1
59173644,1
61043793,2
35936647,4
16755009,1
46564220,1
65198660,1
1429552,1
6353364,1
4959266,5
12954707,1
56463901,1
39625650,2
45193416,1
15467747,3
14112436,1
2235888,1
2072707,1
3976834,1
3183711,1
47307159,1
8208136,2
54991338,1
42885335,2
19211814,1
37781517,1
41978546,1
8068511,1
22729739,1
58452146,1
615805,3
2757645,1
1273915,1
1444707,2
4778919,1
12772429,1
62154156,1
7458754,1
40767901,6
16326640,1
36129246,1
8593215,1
2037915,2
10698480,2
12136448,1
7392821,1
12854836,1
54205198,1
17191629,1
14848038,1
36252924,1
46877297,1
37325263,1
40482028,1
36734771,2
57271855,1
54459082,1
215743,1
47082329,2
22876354,1
49470901,1
8692559,2
6219585,1
58602666,2
32009737,2
4681816,1
42571691,1
4076221,3
2627032,1
39049341,1
51637783,1
13953671,1
14395979,2
12385333,1
24455029,2
19731107,2
5669828,1
34139577,2
3370750,1
2200740,1
3279569,1
38325952,1
6862067,1
4918740,4
4879224,1
5793357,1
43805162,1
36735527,1
29648516,2
22063101,1
7592636,1
5008269,2
2006133,1
14763832,1
5471775,2
8693964,1
4068251,3
9994932,1
661744,2
53020177,1
20818723,4
5314041,7
11504287,1
3659150,2
6613633,1
64050315,2
13054564,1
2447352,2
14181056,1
37671923,1
1280722,1
2809473,1
23768270,1
6753060,4
1200045,1
4021283,5
41788460,1
2922864,3
3235383,3
38472589,1
35285242,1
25266210,1
46705670,1
9956598,1
8780551,1
13700634,1
25379005,1
29991093,2
18087988,1
17558991,1
6329916,1
41637374,1
14304404,1
56078621,1
43823216,1
7896583,1
26176505,1
63512416,1
50428695,1
37333472,1
7913963,1
32026211,1
57092562,1
21558846,1
28686140,2
39177673,1
16028594,1
9110027,1
11599949,1
23062814,1
36358616,1
38781292,1
40594610,1
58874223,1
3223674,3
44649527,1
6538059,1
15179923,1
27158751,3
2745269,1
29049738,3
12344797,1
40731108,2
36695156,1
51195996,1
3911721,3
6528711,3
18893130,2
38151366,1
3211464,1
10973067,3
58839704,1
4437210,2
33631790,4
38188090,3
1722011,2
27515602,4
27789579,2
46147534,2
7442133,1
12509714,1
17788559,1
11497589,1
180478,1
9764387,1
25406395,1
2903308,1
4795448,1
45679271,1
18907409,10
477049,1
7637761,9
2891968,1
32173619,1
30911352,1
36978155,1
11092283,1
121825,1
56234673,1
1267680,4
30696014,1
11230232,1
30274222,1
5428204,1
13858065,2
15023319,1
27677730,1
41180278,1
15841673,1
2674823,2
65102854,1
7552966,3
10223933,1
745726,1
7002203,1
56078674,1
6871818,2
942210,6
22363117,1
21077342,1
1842063,1
1614471,1
2833463,1
5495288,1
59748539,1
3031754,3
19577300,1
12617302,8
5630386,1
59281395,2
5097332,1
22337376,1
1230283,2
49938039,3
15624727,1
2004002,2
10730981,8
170874,1
10675437,2
12079885,1
1683936,15
57607857,1
27178205,1
58749859,1
2835379,1
26165888,1
57417812,1
8538802,1
45445673,2
60409959,1
44688298,1
39961902,1
2914691,1
28537633,1
3420691,1
26729391,1
3081150,1
4311145,1
2572568,1
17628440,1
1432835,24
3327003,1
6515691,1
31150619,2
19099659,1
59023444,1
280070,1
18338538,2
13475992,6
15016772,1
60478110,1
21387151,1
4348181,2
12069461,1
13987483,1
30928040,1
32576035,1
45874512,1
45260292,3
6981124,5
63238922,1
8897941,1
14153678,1
8344442,1
44845588,1
6641757,1
32953353,2
4962737,1
15271642,1
8771164,1
10188615,1
64851124,1
25406246,1
2298462,1
3786292,1
2875935,1
39264683,1
32330918,1
1560832,1
20525191,2
6638407,1
3156424,1
1004790,1
35463109,1
65016432,1
38567878,1
47059252,3
15827461,2
7392572,3
40185625,2
4359107,1
57746419,1
17596441,1
6875139,2
40799988,1
50432180,3
1884642,2
656380,1
11008876,2
1764288,1
58445490,1
54536503,1
41452058,1
33888208,1
50362585,1
59716971,1
12483067,2
52035800,1
51750793,1
3513529,1
2291859,2
56310590,1
29429697,1
2792624,2
66001993,1
501560,2
65023839,2
65955335,1
4334436,1
18433023,1
979975,4
9920172,1
19060475,2
1469475,1
42906962,4
57165544,1
24703994,1
11846024,1
7192536,1
23885680,1
14124113,3
6092480,3
2685251,1
44983502,1
8086851,2
17923344,3
5173200,3
24588412,1
5495036,1
59692245,1
10732940,2
64008412,2
7997096,1
388382,1
50984603,1
15731949,1
2282163,1
3970295,11
65254691,1
11946043,1
16657390,1
5405357,2
2143907,1
21978026,1
9399227,2
38778601,2
5096271,1
7822797,1
35188171,1
1015890,2
43244180,4
2643837,1
24963976,1
9836271,1
58031906,5
4814875,1
18347028,1
43151932,1
12992519,2
33359234,1
12664825,2
59637983,1
21411807,1
4640690,4
55256999,1
5489103,1
45987138,3
39212785,1
10488788,1
40189458,1
9969912,1
6566612,1
20562475,1
9100900,1
1343466,1
36145571,1
54202803,1
6515422,1
37242453,1
1556869,1
23659066,1
23204620,2
21080603,3
48060314,1
3594411,5
10678838,1
30383597,1
15841044,1
5717050,1
2769482,1
46885739,1
4459553,22
51402924,1
25270177,1
39405870,1
55520284,1
46805456,1
689218,1
1167333,1
56055112,1
974324,1
54744606,1
42584034,1
41247273,1
39851964,1
17523036,2
20817587,1
4842233,1
19560085,3
55448850,1
19460067,1
31786103,1
2563227,3
41161,3
4206410,3
2041901,23
7308577,1
21530291,1
62316678,1
2635382,10
17773800,1
14218681,2
40486952,1
34603317,1
13743577,3
3811489,1
17912222,1
4167006,1
12122822,1
8016528,1
5511646,2
43789361,1
5264883,1
9024729,1
39464990,1
51506113,1
4090611,1
62070185,1
31336935,2
58200783,1
59765242,1
62791330,1
1361670,1
22995121,1
25555774,1
6351489,1
63347975,1
6631192,1
6251673,4
19950109,1
27256875,2
3726119,1
15631485,1
16471599,1
27573426,3
4433036,2
50267332,1
12800732,1
2296262,3
3338582,2
17634384,1
13096047,1
10633162,1
6831516,1
28414515,1
28468473,2
3196093,5
3907915,1
39104724,1
3122528,1
24350670,10
45915080,2
18612175,1
2979102,1
2054540,1
23599929,1
51922996,1
5077282,1
13132288,1
35841560,2
36059352,3
2535569,2
9255127,1
6776202,3
61260581,1
1657312,1
39751472,1
34978967,1
20434284,1
56216708,2
3194412,2
13669136,2
29670162,1
5165870,1
1285074,1
40109149,1
2114929,1
4967316,1
17590968,1
665423,1
24608002,1
7180247,1
1030417,1
6572309,1
2000535,1
18592822,1
13700201,1
1980412,1
25546448,1
24890646,2
29670351,2
22083152,3
52147700,1
1114250,2
7790251,1
9091701,1
19187454,1
2907783,1
37199184,1
14197297,1
24177368,4
46637327,2
3310089,4
48575675,2
59690458,1
27160841,1
1794226,2
785759,1
7014330,1
11806249,1
2129970,1
6247407,1
831262,1
2123900,1
47995316,1
24624393,1
1011018,1
63092221,1
4409927,1
53814816,1
30648450,1
482634,1
7031483,1
6890187,3
51561935,1
1292883,1
3590196,3
4076744,7
47955992,1
3548964,1
18044911,2
58603817,1
12119700,1
34979865,1
877008,1
2953679,1
4274036,4
39129979,4
712529,1
51826283,1
16090312,1
33931039,1
1254851,1
50826613,1
8630901,2
18140403,1
28742585,1
15166017,1
9240681,1
30105650,1
22729779,1
2077174,2
15519362,1
48935820,1
2193950,1
8028055,2
5881406,2
1848442,1
21172743,1
7807339,1
29493595,7
15044354,1
52105854,2
5513945,2
42561456,1
35027504,1
299462,20
3590051,1
8906943,1
26573584,1
5633902,1
42860174,1
1532659,1
784341,6
3410292,1
23071733,1
7052747,1
46868477,1
7936358,2
64214670,1
33551400,1
3080422,1
30543027,1
32037490,17
366654,2
404364,2
8193657,1
57986861,1
49411972,1
10119648,1
4597849,1
4647830,2
1839136,1
54979601,1
12122795,2
11015084,1
5051926,1
53279747,1
14975268,1
45444274,1
64452757,1
15577536,1
13254487,1
50976156,1
15719907,1
60985015,2
2923060,9
4460420,1
27281039,3
9503026,3
5718986,1
21899342,1
1703659,1
27828218,2
15375598,2
6770220,2
3101861,2
38558695,1
12861681,1
26484043,2
7143233,1
42654300,1
63746192,1
47797523,3
1517923,1
6071207,2
55629520,1
34972133,1
24553082,1
19448692,1
7021220,1
35122614,1
34973201,1
58760493,3
52294146,1
7282791,1
41656586,1
10194622,1
13968280,1
17325625,1
42595845,1
4864707,10
31219384,2
15181810,1
12103517,2
43626423,2
10987670,2
41244945,1
1228590,4
14430464,1
6944047,2
40992188,3
2337161,1
16627065,1
1018666,1
13016659,1
38146207,2
3041368,1
6862183,1
30723955,2
48127273,1
61098720,1
6130750,1
11138605,3
50911648,1
23645196,1
8548700,1
35875097,1
35598955,1
4268388,1
28932166,1
1727648,1
12144860,1
27744455,1
55548982,2
31846646,1
24870267,3
7281684,1
27865035,1
59019825,1
11149400,1
13517591,1
4008570,1
15524517,2
3050713,1
7186727,1
6553229,5
19191277,1
35364326,1
64554397,2
2009526,1
5144517,1
56374443,1
5432336,10
5227798,1
11958899,1
38141742,1
9534151,2
33313708,2
6680514,1
7704102,1
49291746,1
38291795,1
2752002,1
31642265,16
2895402,1
32401239,1
4173482,1
58500804,2
30371616,1
7650516,2
5881409,1
23366287,1
26846443,1
111141,1
6729065,1
46935692,1
45982375,1
3553472,1
35201397,1
32408013,2
18662644,1
50470327,1
34806782,1
11415911,2
7347569,2
12909362,1
27263359,1
2526857,1
17962801,2
1906952,2
1926968,1
2958781,1
12428557,2
10675247,2
726695,1
6537992,2
292470,1
22541324,1
20555097,2
682094,2
771543,1
39370811,1
1449285,1
48002595,2
944355,1
9011625,1
22493110,3
30983071,1
61608584,1
13611748,1
3123210,1
1257705,3
35459554,1
4503125,1
13973970,1
6641089,1
29808894,1
4226368,1
4253522,1
2053641,1
5495449,1
20060274,1
21529468,3
5795979,1
9458631,1
1339201,1
58279622,1
5987148,1
30037441,1
7530481,1
7017103,1
43311422,1
38387341,1
59058159,1
12415569,1
23056142,1
17275934,1
22474350,1
8210620,1
15460950,1
17420790,1
35615371,1
56181972,1
297545,3
19959066,2
31202501,1
24468907,1
35756901,1
24195945,1
86596,1
28978374,2
1975223,2
35810904,1
1441150,1
36718874,1
2625546,1
48312757,1
59708026,2
2808176,1
60176,1
13569340,3
4158181,1
6228139,1
10229744,1
24084894,1
48494591,1
38892877,1
2520707,10
150480,2
6873137,2
54029054,1
17211749,5
3455412,1
19037354,1
54868086,1
3613277,1
36713328,1
35982249,1
10428789,2
24331607,1
45078798,1
14108204,1
4662868,1
38490401,2
7555973,1
4999265,2
9984239,1
8580783,1
21493913,1
30262103,1
4753420,1
57573463,1
30930534,1
2738225,2
26513958,2
21201546,1
5996896,2
5628157,1
24179144,3
708699,1
37928392,1
11317386,1
5166127,1
5837160,1
20790220,1
65926703,2
8494140,1
14071223,1
19911187,1
7337796,1
2216226,1
4325571,2
17840000,2
410246,1
51682213,1
24254965,1
20394512,1
8211969,1
65056462,1
60533860,1
60066414,2
9499676,1
8630047,1
10210312,1
8843962,4
21811351,1
47455920,1
29979908,1
2608724,4
15001965,1
1414100,2
10327924,5
51082846,1
38172980,1
7817834,1
1760302,3
11786232,10
21719575,1
51846501,1
38736284,1
8188114,2
7104389,3
2116153,1
5414471,2
22640103,1
7379203,1
9247816,3
23380508,1
28912466,1
3466864,1
30583121,1
6102836,1
2320210,30
3157335,1
31877745,1
4151086,1
43270332,1
35792366,1
61422267,3
49918232,2
56348219,1
12054506,1
610674,1
7410023,1
22131190,1
40579966,1
12643807,5
64662602,1
3093079,1
30333717,4
21795874,1
1009636,1
8966001,1
19620636,1
5376945,1
8850260,1
56800537,1
44321755,1
7851934,1
12982991,1
44616213,2
12010605,1
24904340,1
14683964,1
6286088,1
37642081,1
21474811,1
4839877,1
19436170,1
36969595,1
702049,1
18931097,1
3744544,19
53550334,1
48232589,1
40101313,2
3545255,1
17012704,1
3452855,1
14627045,1
30414521,1
30047530,2
15952907,1
11426239,1
6973220,1
49861895,2
41094459,1
31855254,3
971952,2
64034,1
4226793,1
2685345,1
15377579,1
40253111,1
18632024,2
6615586,1
49695485,1
4156404,1
65625546,1
20555536,1
2741855,1
958378,2
939590,1
34433723,2
62010621,1
2043768,1
22863143,1
26518935,1
3576196,1
6931009,2
1118350,1
38436463,1
17934502,1
47702712,2
59449514,1
7296607,1
27001788,1
9159333,1
1267943,1
21627986,3
4012798,1
16085271,1
55390614,6
19230335,1
2069930,1
6884508,1
2268633,1
5045731,1
35279876,1
2771620,1
7905758,1
21552203,1
6829788,1
9799898,1
64762106,1
23377306,5
51761234,1
5719437,3
15596952,1
11317669,2
29744225,1
11936605,3
8510344,4
51254827,1
42600846,1
14480869,1
50469364,1
23971255,1
7347339,1
902253,2
9257858,1
837715,1
4206470,1
864084,1
7281883,3
13594184,1
21244557,2
43202371,1
25492406,1
19726356,2
23041626,1
1838761,2
5579334,3
10855185,2
7554930,1
2778630,3
34380796,1
16434300,1
35027478,1
62669770,1
59560451,1
7084845,1
7390081,3
7774805,1
1156893,1
6969263,1
1750495,1
60742547,1
50113186,1
30277917,3
3928188,1
62498048,1
338116,2
22808694,1
22250591,2
14954659,1
4844139,1
3888820,1
4938732,1
22724845,1
2395342,1
36694184,1
50589142,1
35407241,2
3040421,2
8217845,1
15024749,1
23946489,1
8344816,1
6512208,1
32337998,1
16989743,2
25734846,1
23305163,1
52789851,1
37300991,1
33095028,1
7393289,1
59512667,1
22724024,1
3080717,3
6892667,1
6353408,1
1908520,1
7501230,1
594428,1
6863227,1
13317632,1
135661,1
12713074,2
21906475,1
28407564,1
17872423,2
64154604,1
1580542,3
58727943,1
38636683,1
16304389,1
38440040,1
1406120,1
4197413,1
41159571,1
24660568,2
1720976,1
5418788,1
19317236,2
9056924,1
26475704,1
3612382,1
2488904,3
51704396,1
56213788,1
28266987,1
1758916,2
35680813,1
13124940,2
14604942,1
17341245,1
7932078,1
19853388,1
56064752,1
22290583,2
4443922,1
3757404,1
39216841,1
38227989,1
50656529,1
14355900,1
2218867,1
51430137,1
4009500,1
54035256,1
33625942,1
45350337,1
36317217,1
39801478,1
39033866,1
37427015,1
9162373,1
18910712,1
32280852,1
43063104,1
31286918,1
1392322,1
60962992,1
36113926,2
17293819,1
2324063,1
8457609,2
27151822,1
31600339,1
5621279,2
6365593,2
10695698,1
5764841,2
23928665,1
7233394,2
183340,2
3590691,1
8317577,3
2915117,1
3566026,3
783613,4
33921266,1
20169214,1
27106896,1
14496475,1
6159507,1
7948046,1
4149600,2
10408247,2
36001673,1
17691980,1
9478280,17
36022522,1
14368366,8
14129337,3
15533205,3
37641815,3
37339258,1
3000844,1
12843593,1
700165,4
7534339,1
46081373,1
14012778,2
40562227,1
62384682,2
4004737,1
32583438,1
19268615,2
9396188,2
14720329,1
6910914,1
31152073,2
11175625,1
61769173,2
161753,1
63550584,1
45064067,1
2072631,2
1883495,1
8568279,1
47110363,1
55097685,1
251975,1
20801603,1
21001957,2
3688453,2
5795308,1
36131621,5
42188,2
5523151,1
13433695,3
53186792,1
9547606,7
2019260,1
8021252,1
9334652,1
6810986,2
35280147,3
58027452,1
6077392,1
5209719,6
3678711,7
17336479,1
28289444,6
18241953,1
25998204,1
34906013,1
57507650,1
18764013,2
49638002,2
34455519,1
27520892,1
24261895,2
15465424,1
13485777,1
17167469,1
39173737,1
28242602,1
35875381,1
7123985,1
40713547,4
16820050,1
23997094,1
9156086,1
16169486,1
5647375,1
29117989,3
1860990,2
30765767,1
1422875,2
4590587,4
3786376,1
4926240,1
10693680,9
674212,7
46693403,2
17168017,1
24309842,1
56444588,1
3346610,1
60042538,2
58995809,1
3350765,1
11990071,2
20390075,7
95585,2
17570640,1
62227631,1
41759093,1
14471765,8
627612,1
61108416,1
4555912,1
400154,3
6600521,1
32971762,1
19217363,1
14039135,1
28391264,1
53539766,1
4670332,1
36070406,2
2266664,1
38254371,7
52148199,1
17514775,1
58157700,1
3325446,1
9179587,1
10809447,1
28090172,1
17012601,3
35069722,1
10939044,3
42499243,2
14262319,1
6890257,1
50566464,1
14132973,17
37651400,1
56507419,1
6755351,1
6947696,1
28013627,1
14093953,1
1995385,1
43075378,2
668991,1
17749184,1
38328053,1
30602835,1
3347847,1
50112817,1
9558525,3
56743475,4
1630619,1
40642193,1
5312188,1
11861342,1
12219486,2
5249210,1
50885817,1
7518498,1
5202056,2
35192439,1
7619338,1
30964698,1
24385410,1
20547525,1
3653608,1
39257055,1
55622196,1
5515536,6
5127401,1
11922783,1
6775211,1
14797638,2
63244177,1
51204563,3
5618482,1
48146766,1
12355332,1
38925553,1
4642995,4
14285267,1
57122152,2
40200053,1
41614102,1
852032,1
1713330,1
3237997,1
4979056,1
35025169,1
50034045,1
24872779,1
33803536,2
36952194,1
30273819,1
22988022,1
1607769,1
64038886,1
4616059,1
65578374,1
2237130,1
46654721,1
38441080,2
8275815,1
7492007,1
8100081,1
6698491,1
2325968,3
51511222,1
34249903,1
45209429,2
480528,11
20481288,1
37910505,1
5784650,2
6676520,1
8345417,2
15168302,1
4472095,2
21477031,1
7758783,2
1199902,2
5420668,4
13813615,1
7016191,4
27726355,1
23621055,2
38250762,1
31288759,1
8965911,1
6213534,1
45024321,1
39841750,1
9535595,1
1033682,2
35051961,3
27969699,1
62884407,1
6135248,1
24154296,1
6885732,1
3870834,1
18755624,1
38539738,1
11062834,2
3971935,1
42133455,1
7116737,1
21873399,2
11197627,1
9038321,1
10881674,1
5966973,1
16319885,1
2077920,2
20859252,1
60467098,1
50883092,1
32326050,1
9517205,1
20150718,1
49866326,1
27403340,1
53126329,1
60457749,1
7552557,1
3015279,2
4498407,5
10997733,1
29437754,1
48564603,1
14623461,1
7689836,1
51893434,1
49972110,1
37271358,1
98297,1
36324528,1
13914424,1
10356926,1
15380738,1
47208499,1
17064665,1
4330588,1
54718915,1
62677762,1
51578489,1
1399431,1
7573380,1
5274808,1
26362296,1
34279117,1
11503536,1
38434768,1
35318842,1
37467028,1
3798732,1
4065772,2
45962947,1
31636889,1
55367002,1
4474728,13
4048635,1
5045046,1
9000683,1
2413170,1
42233293,1
62223446,1
34444821,1
25409920,1
23451618,1
51284431,1
1318630,2
8247013,3
42581244,1
1783657,1
48271791,1
12152861,1
39695071,1
24117787,1
73099,1
1713048,2
2802759,1
63516481,1
46763687,2
19466459,1
47897025,1
3403659,4
64756615,1
12533364,1
16472397,1
1384466,1
8870556,1
17736071,1
51314663,1
40316585,1
50909591,1
2280524,1
8296687,1
10590054,2
59065468,1
36054674,1
41538830,1
2659001,2
7353286,1
1751439,1
10630344,1
1633481,1
6324464,1
64157465,1
27057678,1
2389761,1
1529554,1
24492595,1
16611357,1
16601458,4
3242234,2
6099977,1
2711132,1
4228273,1
38234271,3
6152293,1
14401363,2
2540372,1
59320263,1
36408178,1
16117195,1
51435405,1
12575949,1
17046837,1
27147501,1
7741370,4
543801,1
33826287,1
35945931,3
36200184,1
20250494,2
3922188,1
13982632,1
23482478,1
1489052,1
7841349,1
7285822,1
8993554,1
33274839,1
10096772,4
10521033,2
56394971,1
1922438,5
39416317,1
30687432,1
25704292,2
29644884,1
27610640,2
4165391,1
30784366,1
40683385,1
30591643,2
28672156,1
2756623,2
5033835,1
32526838,3
17671298,1
10671121,1
17115116,1
3607773,3
13772145,1
43950877,1
13788083,1
26038720,2
3036489,1
7668912,1
1503151,5
2774073,1
5518739,1
3704479,1
15975264,1
20117985,2
49921153,1
2741652,3
6793958,3
45989684,2
51671992,1
498256,2
21104391,1
16844033,1
9125333,3
50831817,1
22948244,1
15253171,2
43407529,1
3756631,2
4219508,2
33557337,1
804868,3
38013751,1
12322593,2
9141076,2
1447458,1
65508558,1
4295609,1
41352163,1
20028614,1
58743608,1
1393263,1
7148140,2
35509563,2
45594749,1
58567886,1
2445876,1
51129504,1
2608358,2
34970767,1
14602955,1
57236849,5
7930506,1
3732633,1
39685397,1
17688149,2
829660,3
1888667,1
4397943,1
11368288,1
49406577,2
37580478,1
3741501,1
1404329,1
3756470,1
12482210,1
63229593,5
38154931,1
54654006,2
8295795,1
9325312,1
18176534,1
3006819,1
2808935,1
1809119,2
10049157,2
5021111,1
7329246,1
59317222,2
2647278,1
5511621,1
3774909,1
10911051,2
5380562,1
7933734,1
863079,1
50720981,1
34208854,2
5178840,1
33107503,1
16182436,1
695569,1
24696466,1
14836897,1
9361141,1
34656782,1
37201143,3
39334674,1
1896369,1
47659327,1
38060541,1
13484760,1
2143926,1
4922813,1
61658619,1
11046315,1
8592353,1
844785,1
6771638,1
15955697,1
62548706,1
7783989,1
42920958,1
65938014,1
37139852,2
14494029,2
1706121,1
2486055,2
2142963,2
34990159,1
4077942,1
32322693,1
6799543,1
12152799,1
3480461,6
7195294,1
13771558,2
11385843,3
49915845,8
2151912,1
6362995,1
19192387,1
10231574,2
56758072,1
26845155,1
16587071,1
15381340,1
6953961,5
133951,2
3083159,1
46484318,1
17817375,1
594334,6
20510784,1
62305076,1
17041921,1
3892055,1
3560258,1
3466497,1
4780937,1
488117,1
456067,1
4086313,3
4772298,1
39231215,1
50280589,1
55151202,1
3472156,1
6669335,3
916712,1
17047386,1
4064440,7
36923343,2
6440167,1
6851314,1
8545679,1
8174514,1
14262229,1
8866559,1
19447759,1
56861455,1
9364002,1
1824192,2
3481371,1
26971650,1
3983387,2
7017051,1
5148724,1
678949,1
36466544,1
10025903,1
18926238,1
690116,1
21854637,1
6159792,1
30418114,2
4207406,1
4572188,1
3700368,1
26594916,1
3270318,1
2426746,4
31006904,2
20520913,1
35902327,1
39796927,1
31876021,1
8681658,2
15919916,1
5932658,1
10601536,1
27853211,1
45883803,1
5539242,1
20926155,1
55440797,2
13915573,1
18629266,1
17551349,1
10966394,1
43252607,1
5307152,1
15704887,1
42496947,2
35564589,1
2661549,1
35734146,4
14848072,1
13810481,2
27171631,1
9057850,1
35555465,1
65319106,1
1489436,1
16816892,1
4616179,2
54476421,3
41339980,1
30191444,1
3433982,2
5147158,1
1687383,2
30633710,1
27580391,1
59714596,1
20315600,1
17392677,1
529421,1
46463291,1
11098498,1
23939558,2
24146634,1
19978532,1
57597309,1
5954956,3
33755881,1
24294419,1
2490282,1
1013855,11
39633156,1
10531070,15
28914794,1
5275452,1
632830,4
5194872,1
2439400,18
37508816,1
43156256,1
31071625,1
1230908,3
2408807,1
1404293,2
14912374,1
7701111,1
24001256,23
6077682,1
58834679,1
617921,1
3710835,1
7294913,1
731237,2
22886148,3
43362127,1
3653030,1
2413056,1
9958944,3
12994995,1
49363632,1
13433699,1
3395893,1
20856270,2
6237118,1
805226,1
29153757,2
873637,2
1688452,1
16481796,1
2324254,1
40468587,3
1215419,2
663388,1
37572512,1
39940727,1
11660209,1
1524312,2
838742,1
17683190,1
9870007,1
30300184,1
14465562,1
14541549,1
3083393,2
7160656,2
44814775,3
9025180,11
39916788,1
2551412,1
10233101,1
19634353,1
2442420,2
8886800,1
12577265,1
62297404,1
37423760,2
7032776,1
897254,1
38248023,2
64007535,1
10415593,1
297525,2
30044169,1
22300196,1
9539548,3
30885523,1
60366714,1
663209,1
17137729,9
2700806,1
2266369,1
54614418,1
4396136,3
32251054,2
8699017,1
24850697,1
1267609,1
32078851,1
1786112,1
32189432,6
1296419,1
9244083,1
22441273,1
7866333,1
306477,1
5119872,1
33653660,1
29676180,1
3889607,1
19303645,1
8720913,1
46850359,1
42818209,1
9744130,1
3129183,1
7053689,29
12651564,1
8326319,1
2076063,1
31079217,2
15521380,1
14268834,2
44833495,1
18131783,2
23659717,1
16904829,1
50226958,1
1166890,1
4817873,1
9384565,2
49032876,1
1467325,1
5014487,1
16472766,1
10912198,1
8547699,1
42461998,1
64729009,1
2033049,2
41820032,1
7605225,1
41229021,1
9025022,1
44329359,3
24280745,1
6057270,6
30984199,1
13895260,1
3826523,1
5621900,1
3019128,1
49460318,1
38575954,1
75365,1
10817869,1
7925800,1
27137911,1
12897751,1
28850768,1
3320587,1
19566695,1
12228309,2
41242235,4
13378681,1
8000962,1
3439445,1
33730631,1
37281209,1
16944082,1
18214008,1
11170203,6
4249766,1
57053558,1
63220634,1
1785978,1
5374906,1
1782585,1
34170913,1
4906099,7
39333016,1
13148761,1
47171261,12
7168856,3
17397076,1
2579191,2
3419343,1
16631497,1
5372245,1
27202179,2
6157668,1
5449946,1
4157356,1
48765270,1
49805355,1
10291314,1
41544083,2
34745366,1
13830164,1
5378826,1
36500088,1
23900858,1
30694035,2
1769340,1
4368920,2
12595856,1
51937897,3
6832018,1
53673516,1
49535181,1
24949187,1
65776297,1
6578756,1
7149933,3
5197001,2
62116153,1
5531632,1
28171283,1
44664884,2
29945265,2
3026783,1
60983569,1
38108911,1
2511270,1
49933559,1
19637702,1
28810608,1
35448619,1
37407902,1
439460,1
2785482,1
26622133,1
27854710,1
550582,2
30867000,1
4638971,1
18856453,1
23227275,2
36883779,2
40734336,1
2639565,2
4147219,1
26797248,1
2547187,1
15293390,3
8457288,2
57928656,1
24933182,1
7218242,1
22756190,1
38175972,1
17504322,1
28643845,1
54820821,2
46883927,2
11659797,1
21995698,1
10116421,2
40486498,2
45518958,1
25190768,1
65576985,1
38062995,1
1998019,1
5860838,2
6529379,1
32695481,1
59437472,3
16133934,3
9807665,15
2810950,1
47301854,1
42463264,1
3362919,1
3158107,1
1116525,1
1504768,1
10698166,1
62617565,1
13357981,1
34458047,2
18054048,1
52510108,1
34933999,1
27970802,1
28846022,9
35187585,1
6633628,1
857784,1
18370835,1
16766677,1
30259288,1
9063812,1
1630914,1
26583320,2
36548701,1
673996,1
9611827,1
1689383,1
48786889,1
1298586,7
17532317,5
542867,4
11620478,1
18746018,1
26458518,3
9471250,2
10716440,1
13685969,1
5765846,2
3498347,1
28571971,1
5749755,1
17720089,1
50396554,1
11468942,1
25623217,1
6569922,2
56037602,1
6421296,2
3233174,2
24265122,2
15689389,1
41995389,3
13370180,1
25786027,9
24202644,1
3534967,1
35887907,1
38486997,1
34045543,1
3919753,1
5614446,1
474355,1
8620652,1
34799749,1
64875438,1
11222956,1
6947088,1
1527960,3
7591313,1
34964499,5
11169435,1
22819384,4
34170935,1
60773196,1
43707160,1
6809870,1
31195676,1
3555498,1
64134865,1
10871791,1
4248788,3
3224352,1
19420254,1
9733231,2
49725459,1
7276241,1
541462,1
1703231,1
13519984,1
61613479,1
6709450,5
11905781,1
11043655,2
3441858,3
59785129,1
6008627,1
9938977,1
26849396,3
9459607,2
6570618,1
11230852,1
33552919,1
35648721,1
898538,1
34770015,1
50711669,2
2839207,1
44152426,1
59691082,1
32499119,1
24826080,1
6645180,2
42505253,2
24121088,1
7948943,1
2590800,1
3449791,1
18754258,1
1243536,1
9094236,1
17705782,1
13166069,1
12180259,1
17236154,1
28520787,1
2751727,1
30372985,1
41283633,1
11030867,4
17925327,1
1202590,1
29751130,1
9568648,1
6028483,1
7994802,1
11104800,1
38658072,3
11977235,1
6089751,1
19979075,3
4710878,1
6147481,1
55456919,4
18096277,4
2901333,1
2955244,1
58195161,1
18154754,3
9884480,1
406920,1
43159975,1
58740190,1
51418601,1
49994293,3
13762179,3
31441658,1
12466814,1
47986713,1
1724144,1
31562367,1
5497282,1
12998133,1
14514810,1
30478464,1
46725401,1
21825503,12
8410091,1
5171830,1
7924185,1
43442364,1
860343,1
1509593,3
60328547,1
2546413,2
28389693,1
35376553,1
8779742,1
200979,1
474848,1
6571311,1
748500,2
59065387,1
39802227,1
29032786,1
10510989,1
24706476,1
55505887,1
27778700,3
1663624,1
7697867,2
43594361,1
8878703,1
40044667,1
54082387,3
17564712,1
49713158,2
30636184,2
47577739,1
19286026,1
32214833,1
15918400,1
23863707,2
7289721,1
2754777,1
3296843,1
45786070,1
39420072,1
29973435,3
4804927,1
22614748,2
33718396,1
22203140,1
62891914,1
13136147,1
9445480,1
19288197,1
24286168,2
45578020,1
1687524,2
51054705,1
18143849,1
22640505,1
3376741,1
8130906,12
10355678,1
31724651,1
3518596,1
61968187,1
1809535,2
48335477,1
29931208,1
34032766,3
59571236,1
6104462,1
8333985,1
15713682,3
5092882,1
35552560,1
28283529,2
57432588,1
11301631,22
26373463,1
13970896,1
20886062,1
12584410,1
10252026,1
32141262,3
1205494,3
14646762,1
37329979,3
2110700,1
3567054,1
2181314,1
493394,1
6019297,1
27360107,1
5750004,1
5636973,3
8048301,1
62880870,1
42183695,1
35133247,1
35623368,1
8125522,1
3223946,1
14841172,1
23928279,1
10405100,1
21001974,1
5655546,2
6718149,1
14227585,1
6299958,3
12482359,2
31438785,2
40950542,1
16327309,1
4354186,1
7915672,1
2986536,3
8952216,1
6822822,1
24964305,3
229209,1
7834257,3
47282069,1
28385109,1
44732268,1
29632281,1
21917019,3
2975554,1
9256849,1
51689463,2
34716099,1
7502506,1
3733280,1
33189191,2
4466322,2
5274515,1
18788396,1
18788431,1
35986204,2
27124508,1
61811525,2
24591636,3
37116296,2
3528042,1
1780871,4
982488,1
7492467,1
8159503,2
15291118,1
44199731,1
6587530,1
20942862,1
8554215,1
4789221,1
7232817,1
814319,3
42689088,1
14891439,2
15532880,1
2357643,1
14738687,1
51485895,1
30259028,1
2255526,1
50186557,1
50911293,1
3445438,2
16074716,1
33120012,3
39463479,1
2361612,1
12116844,1
5061072,12
6107595,1
51340061,2
27176412,6
8848709,9
45308252,1
49885204,1
58970147,1
4801917,1
34091913,1
55242430,1
15208612,1
39357860,2
6335858,1
28340792,1
49720156,1
59746581,1
10044989,21
53040206,1
58475313,1
15388581,1
236590,1
7394624,1
7970281,1
38244233,2
11563179,1
1750280,1
5369383,1
20698632,2
8683835,1
18615620,1
29593128,1
8875148,2
48698395,1
28006151,1
59290703,2
61078146,1
4201173,2
3359328,1
3616691,1
9613521,1
27175681,1
18412267,2
967903,2
30298913,2
51776971,1
5651747,18
10809204,1
1425070,1
4918438,1
35785723,1
7053414,1
6421536,1
59424053,1
41706507,8
38104151,1
41821893,1
39925189,1
52293778,1
33138170,1
10985040,1
7577550,1
3051251,1
15853761,2
4687292,1
2682019,1
6958026,1
2541323,1
3424464,3
1630675,1
15712087,1
6737316,1
48131288,1
41053364,1
5878111,1
21349808,1
44592184,1
848945,1
6330333,1
6300703,1
2210552,1
8876390,1
4883414,1
25125392,1
60607692,1
34066440,1
11118039,1
1605570,1
50041968,1
15595056,1
1819662,2
12057242,1
36705581,1
4006184,13
52080041,1
55237166,1
50832175,1
5075979,1
8228855,1
4606578,1
8112418,1
20525082,1
4882559,1
60581075,1
36816654,1
6385874,1
26469753,1
28333654,1
13667793,1
56575906,1
3129342,1
5349333,2
26301188,1
5560246,1
3603800,1
3877503,1
14310778,1
2937042,2
49279090,1
19568880,1
31573149,1
1214998,1
29016368,1
2747085,1
2517389,1
40617516,1
2843608,1
48155113,1
42363204,1
42686705,3
6963632,1
718762,1
12472530,1
20813379,1
15419256,1
35124028,1
3846835,2
13566127,2
28691494,1
48570844,1
16272052,2
31677443,1
5894335,2
16255311,7
3441209,1
35073556,1
60014013,1
52491205,1
152070,1
7639879,1
25892828,1
20106324,1
20886591,1
10237040,1
18054289,1
10247042,1
6524683,2
3283443,1
5120093,1
64145452,1
7612762,1
23949110,1
59195395,1
28262791,1
3789417,1
32586667,2
6137063,2
28819161,2
7588170,1
59494201,1
57057170,1
58926648,1
7981013,1
40214038,1
7714083,1
1727357,1
7215439,5
2762003,1
16916306,2
40865757,1
3972894,2
13791094,1
28626836,1
454681,1
9034531,1
40815356,1
38354260,3
20429206,1
29567526,1
6442713,1
1821372,1
35361971,4
506198,1
16569867,2
6361457,1
6708999,1
40419872,1
51939140,1
6681297,1
28964913,1
533300,1
53018043,1
28052020,1
36608771,1
33418819,1
39020462,1
42706161,1
45647404,2
50452373,1
62633302,2
51838891,5
2219276,2
4582941,1
20300750,1
5141249,1
20649977,1
12343415,2
22440238,2
21984801,1
5397496,5
6151720,2
15231026,1
3037748,1
53159395,1
19865534,1
23908022,1
36295297,1
4419532,3
12984056,2
4101093,8
1759111,1
6409021,1
375625,5
21793560,3
3972936,14
64494445,1
42128892,1
34347584,1
50808142,1
14834791,1
43670970,1
9753522,1
1625939,2
6070749,1
1687892,1
49248597,1
38524103,1
9073561,1
40103042,2
60061761,2
54158495,1
21829442,1
12686518,1
65846460,1
11997761,1
5385759,1
10701150,2
19434222,2
7906740,3
33111344,1
1370929,1
27485706,6
41298491,1
7091027,1
12668968,1
5383946,1
30768697,1
5317715,1
8027379,1
55031699,1
3129820,1
2889308,1
4138197,1
8616089,3
7414663,43
3815137,1
22791040,11
31264937,1
19781412,1
35263238,1
66228880,1
678020,1
32194196,1
65359765,2
10642483,2
17355683,1
8111899,3
3358918,1
29884729,1
14406754,3
46797655,1
6317392,1
20883334,1
16681865,1
37765457,1
208102,1
34214671,1
3541131,4
34021380,1
11140230,1
6928368,2
56600566,1
11098968,1
12284536,3
10209119,1
26732163,1
4979782,2
39008303,1
10485472,1
18128792,1
76809,1
39623843,1
5501549,2
12115133,1
2682330,1
48044510,1
2092211,4
51712400,1
61437720,1
21098113,1
2328421,1
5516351,1
44614133,1
1130143,2
25266716,1
44274651,1
20398772,2
54320669,6
45763997,1
13534942,1
15965209,1
29125291,1
34469626,1
40533353,1
4157220,1
33930158,1
38171673,1
865810,1
32825089,1
4236308,3
11573364,1
50530438,1
61780030,1
5315495,1
4389772,3
44935023,1
13762982,1
880805,2
22252071,1
10381830,1
7851863,2
30629883,5
47533255,1
1980659,1
1310304,25
38186748,1
9827227,1
3328813,1
57352951,1
2044320,1
41235228,4
8280592,1
16873451,1
5909859,1
2049693,1
9539127,1
43813225,2
620454,2
28411809,3
54250330,1
12771952,1
5788181,1
6385807,1
48928609,2
21990117,2
51412210,1
10290927,2
10545709,3
2411597,1
3522988,1
11482245,1
2930756,1
4511843,4
24927590,1
44486623,2
48131122,9
28578138,1
10947775,1
2114524,2
38532223,1
10028428,1
64949932,1
4206971,1
27215033,3
2161867,1
5126902,1
7254463,1
51653619,2
5588254,1
2161517,1
50314307,1
6220539,2
6439746,1
20320161,1
36147773,1
4311845,1
953719,1
567180,11
2528474,2
61508366,1
37797942,1
2615653,1
1200218,1
37598052,1
14161797,1
40177835,1
6790207,1
22217649,1
63948573,1
63200951,1
42631222,1
10250618,1
28438239,1
4309990,2
66171606,1
21604865,1
9721827,1
7204920,1
30798114,1
7383242,1
24061935,1
32846473,3
8041861,1
53666276,1
16146885,4
12544714,4
26378845,1
7843388,2
10345559,2
29841373,1
9421000,4
3689552,2
742068,2
23048755,1
814032,1
29122284,1
2344980,2
4389315,2
4787831,1
6166581,7
7166825,1
36781565,1
8767936,1
7496141,1
22473113,1
14853310,1
22299453,2
16890029,1
24852468,2
18814176,1
26013994,2
58578304,1
30948879,8
9140372,1
49719805,1
61950767,1
6402136,1
6748687,1
16327131,2
58538511,4
4595497,1
4557041,1
5317410,3
36967410,1
48664466,1
3378062,5
45686421,1
9173847,1
63752243,1
22523347,1
43195635,1
36838619,1
34226301,1
218684,1
61098344,1
54085431,1
447708,1
50667529,1
6144086,1
14110122,1
11268407,2
38224871,1
27889800,1
2469240,1
2527924,1
37471264,1
2365742,1
30224723,1
23104223,1
2759839,1
57547781,1
21186428,1
7125287,1
46387666,1
26477842,4
42891073,1
62300682,1
28266255,1
1376957,1
849163,1
35865693,1
30105668,1
2864915,1
53391448,3
5314573,1
727487,1
9774984,2
41915869,2
6099988,2
26236972,1
19108217,2
20790978,13
16340753,2
4187713,1
20303515,1
3349773,2
56963934,2
16288162,1
6436558,10
2745490,1
45230269,1
56606862,1
28320133,2
45279350,1
7315193,1
36049849,1
809089,2
27720182,1
33748304,1
3392559,2
50994917,2
61244588,1
57743668,1
3885805,4
28691776,1
22618845,1
59499204,1
2913423,1
35203837,1
6716731,1
3945883,1
5159312,1
32075132,1
40691932,1
7256875,2
12836634,2
11133196,1
28643909,1
35472131,1
64813066,1
24657136,1
17842768,12
50716055,3
58980963,1
4858173,1
33516591,1
9874912,2
1350553,1
54819019,1
59294925,2
33637440,1
34822743,1
24812575,1
9650338,1
42891054,1
36365453,1
5579195,1
37424205,1
10011042,1
7539925,1
31138554,1
32893221,2
4606775,1
2074943,1
17421846,1
4495295,1
21799851,1
49635333,1
44835688,1
35293478,1
2219319,1
38145121,1
6988795,2
47816957,1
20749373,1
9991796,1
7687498,1
59963910,1
15127597,2
9183983,1
3125186,1
35432252,1
43065999,1
1259487,1
9922976,2
14585186,1
35878539,1
14596847,1
20466668,2
15203695,1
931693,2
24407280,1
35954630,1
8742470,1
9568992,1
6894148,2
60087001,1
11959362,1
45917853,1
45658666,1
2646488,1
26619081,1
7436367,2
5275285,1
5374312,1
46306841,1
4193061,1
36297420,1
61427488,1
17863445,1
3535021,1
35721532,1
1743695,1
10763474,2
63799127,1
49894730,2
1477412,1
35504393,1
31150204,2
15382791,1
34644340,1
40200054,2
28824578,1
7314109,2
49770997,1
16450489,1
22564367,1
21975459,1
16875725,2
5061801,1
2042948,1
49394929,1
5268502,1
12924680,1
2395550,1
958218,1
60897119,2
6388773,1
5182848,1
920581,1
12451395,3
3514423,1
8251905,1
23022491,1
7822228,1
2064521,2
59751936,1
35000599,1
2838728,1
33962262,3
4955385,1
61796638,1
53614635,1
3035997,1
28980259,1
2009370,3
15044839,2
6483656,1
24258474,1
8494354,1
4495258,1
7952586,1
5488247,1
4697484,1
2132723,1
17787694,1
4063564,1
6649089,2
73376,1
15944590,1
8464380,2
907625,2
58227,3
37396534,2
41721377,2
29307499,1
59920569,1
59934463,4
55829555,1
8820726,2
13074624,1
24170966,2
5313484,1
1823257,1
25071632,1
33645037,1
39238464,2
13376756,2
13685171,2
39589416,1
4465449,1
1802364,1
31227261,1
12429506,1
18248342,5
7194791,1
12187045,2
19622907,2
2083075,3
3792118,1
15079522,3
52955020,1
4404179,1
30296149,2
26053118,1
50201561,1
18132283,1
45058104,1
48848676,8
6566569,4
48746118,2
19983204,1
38315003,1
7437427,1
8032620,1
57526011,1
1198748,1
31136833,1
15592785,1
13301456,2
22624344,1
51718490,1
21482906,2
31667440,2
13038286,1
42497610,1
5001055,1
34584014,1
60049218,1
3289975,1
40955045,1
49688946,1
17121984,1
65062235,1
26115113,3
47276310,1
34352331,2
47263960,1
27958700,3
2489470,2
51910865,1
12808705,2
13305421,1
60023785,1
2123239,2
4675021,1
39550,1
43164938,1
44402649,1
45893100,1
1033366,1
42974591,1
7106074,1
5343329,1
46712368,1
10863851,1
1791076,1
62890436,1
47970510,1
50638694,1
7612142,1
28368927,1
7134778,1
16174380,1
48499407,1
3733331,6
21933677,1
15309324,1
33798804,1
3769573,2
5931350,1
33666330,1
1199014,1
54881094,1
20168153,2
36560289,1
450699,1
1796525,2
7834074,2
48684491,1
4113144,4
49939164,1
65555167,1
20172714,1
44384,1
158596,1
39580024,1
21889084,1
5288831,2
5674950,2
3836529,1
1736481,3
8965423,2
5942159,1
3517324,1
18384006,1
35322802,2
7712516,1
40741278,2
187723,1
2056490,1
62378369,1
3709040,1
7105232,1
16584842,1
5413625,1
7020955,1
2181745,1
7372705,1
28669171,1
5070884,2
20983163,2
12528885,1
14576058,1
4991777,3
39035770,1
7770166,2
6978144,2
44371855,2
2499782,1
2864370,1
18044256,1
9056569,1
11780027,2
6770222,1
18587033,1
11298319,1
12906830,1
26495666,1
59642733,1
10208332,1
48805117,1
30210630,2
61430767,1
4878564,1
3003920,1
3201060,2
11365554,1
12952013,1
33983631,1
804332,2
8867556,1
2469261,2
3913616,4
9999707,1
30419856,1
20225189,1
15002412,1
154251,1
16032822,1
7504066,1
814237,1
49206344,1
17594115,1
4093480,1
43874131,2
25961609,1
42109537,1
20433327,4
50312246,2
24516142,1
28396666,1
140659,1
15377467,2
34749875,1
20747745,1
31852218,2
19224227,1
877060,4
771458,7
14493776,1
29389357,1
3804525,3
40425300,1
28728816,1
2705749,1
1722907,1
54460469,1
755785,1
5078780,1
50809834,2
22467533,1
2009899,2
2759163,1
5583741,2
6598762,1
45573274,1
38169857,1
8922533,1
20657893,2
52769333,1
22189762,1
2456260,2
1340941,2
6907955,1
5910279,1
56325878,1
1040072,1
14127750,1
42128369,1
4147321,1
29524090,1
20945413,1
44824838,1
51501559,1
7416756,2
16905422,1
33910147,1
2756480,1
7088764,1
19729252,1
14311810,1
37874105,1
8825764,1
5888954,1
15054478,3
21010686,1
41602457,1
9054277,1
36929144,1
21407874,2
665793,2
35938189,1
41367418,1
8380835,1
8124669,2
64419291,2
4406278,1
45440650,1
1603453,1
52083146,1
29451858,1
5677460,1
34284940,1
59369,1
59166690,1
34637114,1
35680770,3
44104547,2
5219447,1
5184220,1
10485517,2
41705766,2
12355228,1
4985749,1
48743459,1
16899563,2
3690112,1
41869735,2
34259224,3
3743250,1
49563992,2
14152446,1
14349433,2
21200539,1
60647685,1
29414612,2
10708705,1
8378089,3
13178844,1
7436925,1
5543127,10
39528263,1
9442046,1
5020114,3
1505426,2
11283016,1
2531524,1
1026128,1
2533684,1
8692594,1
24417133,2
749224,1
4802400,1
6839155,1
6699212,1
11286656,4
24821930,1
19381366,1
17570808,1
2738055,1
8101364,2
33581476,1
4649744,2
49392522,1
46478014,1
10578869,1
23026171,1
38765587,1
27817694,1
5129046,1
18590568,1
14868808,1
24101744,1
11902611,1
5891734,1
29555725,1
1174446,1
33204274,1
40430085,1
54250527,1
41622704,1
36519891,3
48390436,1
13578477,1
10037079,2
3447779,2
47842001,1
19713823,1
4764255,3
16651888,1
55538740,2
15308703,1
51683747,1
7742217,4
2848016,1
6482644,1
32513151,1
1869452,1
36409616,1
43858664,1
19371654,1
19487691,1
30576833,2
28798646,1
25514512,1
6602243,1
50449578,1
8544608,1
7150580,1
9709530,3
13174051,1
6119890,1
9907364,1
1893978,2
913882,1
3448787,1
33529770,2
30097551,3
1832474,2
5057274,1
3277372,2
6853505,2
50677229,1
51251584,1
1646649,1
2392798,1
7521925,2
6403556,1
6772482,1
23732496,1
1753797,1
64047093,1
59573920,1
19938521,1
2272795,1
17701714,1
44434156,2
51994103,1
16892848,2
2044157,1
35942338,2
1263456,1
3185203,3
7946067,1
2302757,3
20299486,1
52847952,1
11288078,1
10550672,1
38670734,1
23225316,1
1862747,1
54833979,1
2903353,1
36141835,1
51448675,1
28922823,1
62836127,1
1635112,1
23896847,1
35559770,1
980367,1
49635010,1
31973025,2
14129434,1
36706445,2
60545950,1
1704649,1
63393745,1
22484923,1
3472527,1
6303215,1
5763623,1
34915427,11
14622359,1
845147,1
35202578,1
19061702,3
15145539,1
15034888,1
9559117,1
9786902,4
43565515,5
40802377,2
2859949,1
24282359,2
35968787,1
2151490,5
9127354,1
27544032,1
10298158,1
1110014,1
3156400,2
27611077,1
25682448,1
60034585,1
51696162,3
2598629,2
5277295,1
27775546,1
60523787,1
7384171,2
18248684,1
39448568,1
14120404,5
2806239,1
3438882,1
5131240,1
37776926,1
58171851,1
58084487,1
17093533,2
21864758,1
6055609,1
30425345,1
16319254,1
14579211,3
20597067,1
25383916,1
3104711,1
33274453,1
14477311,1
43012498,1
7215603,1
3498449,1
15231124,1
8623559,1
34262767,2
37945905,2
3062080,3
13909186,1
19918709,1
12935013,1
8511305,2
34400839,1
2773231,1
10639570,1
30957871,1
20562882,3
2273079,1
35867374,3
13319329,1
26980529,1
26239520,1
2970687,1
37704377,1
743403,1
15681396,3
46729323,1
3300312,1
6434265,1
39452772,1
3667825,1
7678034,1
43062272,3
18797746,1
3052252,2
23365238,1
34134585,1
7769026,2
11592174,3
2489110,1
7183340,1
6265721,1
39115299,1
26416393,1
15884961,4
3081836,1
61136088,2
50136148,1
12199935,5
1881106,1
4976625,2
8675769,1
51205938,3
21559152,1
2301748,1
4434397,1
63188184,1
3092259,1
896690,1
6042913,1
57235423,1
65045486,2
29093637,1
3457901,1
3485839,2
7213078,1
38919944,1
40261928,12
33032061,1
30963887,1
51054574,1
60792621,1
5463312,3
1489008,1
2372848,1
59292231,1
64956527,1
9826760,1
46149887,1
8175975,1
8164313,3
9935532,1
8002848,1
34972209,2
2985358,1
18409731,1
15537693,1
23968212,1
51251904,2
43115531,1
36799101,1
2879377,1
60024977,1
7092780,1
50470731,1
64405765,1
40716537,1
2860168,2
3133769,1
41743222,1
5404703,1
16350164,1
2977343,1
54986402,1
6524104,1
44080787,1
43505134,1
45055015,1
4234815,1
7674058,1
19592204,1
41525142,3
12152348,1
4155340,1
4222324,9
34213482,1
1094675,1
29227277,2
22377845,1
36559064,1
18249680,1
17728398,1
36774570,1
32496012,1
3094708,1
10380563,24
2081390,1
16703701,4
55115945,1
11195576,1
48748466,1
139968,1
41526805,1
52318704,1
34993731,1
33060146,1
3800200,6
18217368,1
3901019,7
34284191,1
3373868,1
14668977,1
402772,1
17172172,1
2333736,2
19503503,1
63762984,1
23839387,1
5361567,1
3998244,2
44244821,2
10746845,1
6665575,3
4188943,1
3857753,2
28988254,1
3461421,1
3374504,2
61803852,1
47187393,2
29401721,1
6874615,1
13328366,1
21515301,1
2571392,2
19153769,1
25347069,1
57374867,1
7449205,1
5107063,5
40635990,1
13776330,1
156814,1
17000892,4
6830217,1
5201227,2
31017671,1
3010394,1
28558021,1
15775899,2
8222180,1
4831362,1
1447144,1
182103,1
34837515,2
16618433,1
42009967,1
5044674,1
4374289,6
9711382,1
9215005,2
24657654,1
26521943,21
48120556,1
8719516,1
15681545,4
14729357,1
17508976,1
7250583,1
24824303,1
3007489,1
7142152,2
6574783,1
56594582,1
7102509,1
4720380,1
49366187,1
33440060,4
31959759,1
40050251,1
8105485,1
9481676,1
9687177,1
11945650,1
4350337,1
19863902,1
16122589,1
21309521,1
40883798,1
29861893,3
36475556,1
1224008,1
17838451,1
12662386,1
5365437,1
17630005,2
501022,1
18013042,1
1367370,4
12896769,1
9444006,1
27638140,1
7004357,1
17234593,1
1444256,1
37299865,2
4217311,9
6497282,1
3134685,1
53285115,1
16342830,1
44809804,1
8743859,2
42031087,1
6712709,1
51724102,1
13374588,1
2344318,1
1602984,1
16219655,1
31737239,1
48566145,2
55103645,1
12009484,1
58016936,1
1189048,3
28440836,1
64626103,1
26517073,1
15110987,2
4358043,2
9674933,1
33040335,1
8915334,1
14588245,1
2484443,1
9846585,1
3113088,1
582060,5
38353161,1
18538068,1
5583695,2
21726991,2
1156593,5
3926247,7
2346173,1
46911426,2
41740046,1
3601196,9
14468329,1
22046806,1
7530225,1
19761318,1
45763269,1
3510937,1
31908682,1
2846323,1
50302698,1
43883223,1
23558267,3
12961353,1
8770033,1
529313,2
30769361,1
28929837,2
6192063,2
25300578,1
29061564,1
656048,1
7260546,2
35619725,3
1363244,4
794424,1
34590489,1
10083134,1
34787208,1
30013391,1
49977875,1
7016641,1
17814268,1
23419668,1
33173029,1
16556787,1
4465952,1
64341131,1
12747580,3
3075375,1
23456218,2
11101773,1
138866,1
3357515,1
6196227,1
3565553,1
62496364,1
16092977,1
2701451,1
21411304,1
42754395,1
8304225,2
16670593,2
134698,3
29777555,4
5420385,1
52845641,1
28147227,1
5316111,1
3457997,1
40732885,1
8048520,1
2748428,1
4904028,1
5828492,1
5123657,1
14505814,1
3396344,1
64505275,1
5751330,2
3657355,2
28982490,1
6895954,1
12950451,1
513422,2
10547296,13
13775046,1
648546,1
17152918,1
17379067,1
16736075,1
15971506,1
3743919,1
33719062,1
31631844,2
10561364,1
2060702,1
56634618,3
2454821,2
58482099,4
865887,6
2005540,1
28696293,2
9698016,2
7274463,3
12522831,2
63514433,1
2272146,1
20843074,1
13200212,1
3245354,2
48947016,1
4948668,1
6621772,1
54336544,1
2386526,11
7178611,2
7222650,3
12448921,2
3982855,1
7091581,4
47215402,2
29850172,1
39968342,1
33705396,1
9749277,1
4371366,1
43259405,3
4181838,1
6813869,1
3272544,2
3026201,1
7072755,2
349537,3
8635649,1
15724654,1
36739212,1
19086049,1
10882388,2
6506637,2
7724779,1
51487695,4
65076514,1
9778398,1
40192618,1
1771095,7
819468,3
26431585,1
39506137,45
41231242,1
38083336,1
13898591,1
6922907,1
33007271,1
31538123,1
42351151,1
35776338,1
30337227,1
5957011,1
762513,4
1529743,1
5036026,1
8606665,1
26359235,1
4152277,1
48191321,1
3383670,1
52854095,1
1613936,1
16408324,1
6521602,1
13066482,1
41726982,1
34519082,1
10252018,2
17192935,2
34268016,1
31098066,1
26317730,1
56294400,1
62453234,1
11943480,1
38993007,1
28518294,1
64866708,1
25496698,4
2579651,4
32435313,1
31021386,1
49601606,1
18407891,1
33206755,1
3400888,1
15549384,1
61971989,1
30058325,2
46914366,1
47843109,1
24722853,1
829273,3
19153236,1
57493951,2
33374235,1
10997368,2
28202210,1
3963200,1
31583041,6
16327159,1
5715197,1
30349907,7
6883542,2
10091776,1
39134969,1
6710684,1
14262872,2
1442689,1
41127996,1
33049380,1
35689163,1
48131900,1
1118232,1
25073812,1
24194984,2
24071345,1
16126398,1
30715353,2
5364088,3
1861817,1
28866645,3
6226710,1
9324305,1
6681663,1
5170597,5
1716167,2
49878811,1
5332771,1
34798798,2
27634733,1
42824562,1
17592346,1
51605080,3
28667405,5
8766062,1
1178974,1
4536186,1
29875669,2
7638636,2
26170406,1
3533078,1
15709485,1
8896655,1
32771942,1
15920367,2
340592,1
36271447,1
18967966,1
2926578,1
19994773,7
57638214,4
1205707,1
7300181,1
1638931,1
38565222,1
7193270,2
39914256,1
39824169,1
21726537,1
5348628,2
8821032,1
9274194,1
16936816,1
40214395,5
10456802,1
42772220,1
57993111,1
17107294,4
44238481,1
41158919,3
17688638,2
16660771,1
2042981,1
2551223,2
4107957,1
37546712,1
13174459,1
48183618,1
15341455,1
51135503,1
39677265,2
2495113,1
6901727,1
14990941,1
3705838,1
20098608,1
15844810,1
25218762,1
9256671,1
49255759,1
35781061,2
35654277,1
38277876,1
52289874,1
13728386,1
9865890,1
23865765,1
2339500,1
33048803,1
57434110,1
3904356,1
3050332,1
1597933,1
38989378,1
15223752,1
8791002,1
20764399,1
510622,1
11657346,2
7737318,1
3823279,2
39063110,2
12945000,1
62125264,1
64499400,1
677634,1
53828017,1
16717052,1
32647220,1
2932931,1
725873,1
23440430,1
7646184,1
43024290,1
1669662,1
24633278,1
1722910,1
3428403,1
2304846,3
38454539,1
19023308,1
36699669,1
4171310,1
38791324,2
37754058,2
35982973,2
16031968,1
39690142,1
2473416,1
62970099,1
18976620,2
44913823,11
1752496,1
6908422,2
15804306,1
1423604,1
3348358,1
65357197,1
24581284,1
8601091,1
5190762,1
11719474,1
35007338,1
11532516,1
603336,1
971768,5
20051447,1
12965679,1
32015430,1
57935558,1
18328987,2
5510838,1
61986453,1
11678546,1
40307701,1
34600779,1
30911762,1
20279720,1
62974441,4
4254490,1
27629402,1
34940667,3
6666610,1
50181667,1
2981880,1
64126689,1
12726742,1
6974405,1
18646605,1
647514,1
17751441,3
59124512,1
10436366,1
3803890,1
58999246,15
3313906,1
39613302,1
66162913,2
4012887,1
46630652,1
24180168,1
5531455,2
41812656,1
10522447,1
46361216,1
61663307,1
17704687,1
11850900,1
1220401,1
52096900,1
10991397,1
34746872,1
32779017,1
5687733,1
14350004,2
37124915,1
14945317,2
28012645,2
17461333,1
30040374,3
10028270,1
5286153,2
3625681,1
1241027,2
3488091,1
1420606,1
30769811,1
24940692,1
61977689,1
7177774,1
2379218,3
197737,1
26828317,3
7033546,1
1894434,1
7297363,15
64071650,1
2967785,1
47726085,1
16609635,5
20428484,1
7554170,1
17094929,2
28854368,1
5361918,1
40498014,1
40985669,2
13914348,1
36948378,2
50791942,4
2986718,1
21721560,2
9280686,1
1464146,2
24976631,3
53268863,1
13457168,1
2362059,4
7285494,1
62208833,1
4014703,1
49421743,2
34854360,1
9206404,2
12259088,1
50603555,1
34116974,2
44992813,1
6001714,3
16297830,2
42395411,2
36538267,2
7202104,4
48838711,1
37224621,1
36504695,1
4101218,1
53172802,1
57949759,1
44896519,1
8011719,1
5970638,2
315378,1
39249383,1
54023691,2
6163162,2
47979672,1
13089631,1
11665726,1
26471057,1
9397579,1
33932783,1
5472248,1
4305996,1
33559690,1
9804362,2
14689397,1
37207241,1
14529260,2
24926399,1
65929761,2
5236677,2
34382456,1
34129781,1
1699309,1
8130969,4
25129333,2
37269948,1
6854010,2
51395102,1
22181646,3
13529300,1
48332666,1
8020442,1
14710490,1
39237123,4
15682290,1
62980081,1
51162667,1
15038751,1
49473375,1
44102530,1
19652189,1
64385072,1
15365602,2
4091457,1
6485997,1
6702535,1
12438891,2
25492441,1
21206293,1
2218343,1
23812342,3
46974352,1
10755240,1
14621253,1
26060045,1
37396319,1
40049790,2
10677016,2
23181906,1
34518893,1
15819790,1
29850411,1
15609974,1
12387689,1
42570743,1
3962572,3
26888295,1
31774112,1
29860197,1
10619790,1
5472538,1
36020541,4
1163636,1
28684453,1
14206742,2
22709118,9
30710707,1
9720210,1
4381056,1
56950887,1
34649746,1
18132040,1
2635405,1
48624935,2
57101897,1
38541787,1
12006146,1
32057806,1
31119858,1
1031239,1
938894,1
5933563,2
25064198,1
9255701,1
8947979,3
6437446,1
711907,1
5674435,1
62870862,1
7716997,2
3977734,7
14743830,2
4072442,2
6498106,1
7296865,3
44601862,1
16776899,1
10700375,1
65063438,1
52015354,3
4403203,1
55902765,1
23841451,1
19031684,1
3817769,1
26172533,1
3854314,1
35491613,1
7715403,1
6125803,1
31509061,1
41722757,2
57262740,1
34563268,1
20283588,1
5082765,1
51908383,1
6541786,1
3575903,1
16426996,1
19380341,1
2405640,1
30717768,1
24592912,1
635253,1
33812808,1
46783050,2
38352113,1
4166661,1
5789146,1
5769493,7
396372,1
6992168,4
2358689,2
13536673,1
64147909,1
57451630,1
23486033,1
45226846,2
4391784,4
48783031,1
41141290,3
3352790,1
42826899,2
23287570,1
16127450,1
61566575,1
3657456,2
3182737,1
6227700,1
9361923,1
32727836,4
42090125,1
8407080,1
9918644,1
6920683,2
37761259,1
17490212,6
9781583,1
1900247,5
6870421,1
41714674,1
385249,8
54652383,2
33644849,3
9127158,1
3937003,12
43754762,1
27365926,1
2389428,1
12275170,1
8365220,2
50291804,1
12675184,1
4418576,1
4931716,1
34109198,1
913807,1
2397234,2
15127526,1
25055340,1
35016117,1
35485691,4
701189,1
60468542,1
20078498,1
50683532,1
3459348,1
49932767,1
22641951,1
51497759,3
16000636,2
9938297,1
5274991,2
3176935,1
33051230,1
16300369,1
2057471,1
3269311,1
50880766,2
15386114,1
3537272,1
21596090,1
60655933,1
6193653,1
12078387,2
136853,32
50919055,1
1176331,1
16691623,1
55366754,2
2537261,1
17013634,1
8164254,1
13370687,1
57805852,1
1136015,1
57277758,1
18054869,1
17670464,1
4639694,1
3109259,3
56838942,1
58554145,2
11078628,3
26339500,1
29030163,3
4571266,2
58043074,1
32978445,1
58197742,1
10509562,1
5683697,1
6544866,3
32370699,1
26797783,1
25601480,1
2848528,1
24213062,1
15003639,1
38887559,1
2540353,1
4357922,2
24856657,1
3338360,1
49811753,1
43667387,1
1260560,4
17505468,1
36184009,1
13534703,1
50180368,1
38951745,1
11392371,1
6911925,1
2543547,2
61401377,1
13994060,1
491007,6
16466046,2
6134910,5
1978032,1
713364,5
10561462,2
1319014,1
13094931,1
1688253,4
6058438,2
10583458,1
22167747,1
2346784,1
16494544,1
34469381,1
2584394,1
37250265,1
63198399,1
36966556,1
972059,1
37655662,1
36331669,3
2572647,2
17562533,1
27430277,1
1318864,1
420405,3
6741589,1
19055260,2
31352208,1
10450643,1
63067111,1
3340010,1
39750482,1
3036087,1
50384829,1
5990239,1
37200180,1
2202284,6
2615192,1
11997110,1
3374569,1
44432141,1
141199,1
64030071,1
20617,1
37519953,1
2518024,2
63918752,1
14182007,1
48150380,1
6631914,2
40125761,1
20631758,1
11538337,1
30906013,1
2396621,1
19389619,3
50106165,1
15189095,1
898600,1
25927442,1
6863286,2
12852549,1
3053152,1
36139412,1
13333153,1
14031078,1
12124193,1
15924883,1
4626323,3
1779333,1
17460569,1
47411775,1
20765287,1
23867428,1
3572841,1
9116297,1
1570247,1
54836504,1
32569280,1
21031317,1
3876894,1
12772569,1
15955326,1
60973800,2
13701530,1
62874984,1
48416637,1
26759375,1
8559629,2
24393762,1
35325097,1
45618829,1
4807771,1
3791865,1
11838394,1
24552514,1
8320113,2
59164151,1
16137439,1
28201024,1
3061081,1
34453603,1
23776916,1
2841625,1
16603266,1
8854502,1
5603097,1
14469144,1
4356848,1
660096,2
2870125,1
54216030,1
5057234,3
48834656,1
286642,7
25511951,1
7668248,2
63366835,1
6510513,1
9364270,2
50715227,1
6349155,1
5291749,1
14530430,3
23666996,1
27576898,2
12754807,1
38384134,1
9675772,1
1864496,1
20964629,1
6619814,1
7437350,1
64633627,1
65324272,1
12172094,1
6976250,1
37256945,1
9675703,1
39607980,1
3084685,1
695632,2
50515381,1
5235993,1
4972701,2
45985847,1
9755198,1
742649,1
49563886,1
38848388,3
42575619,1
49704172,2
24347542,1
6336105,1
3994718,9
29844665,2
3748995,1
54462543,1
24317976,1
17867034,1
8546697,2
37953084,1
42942777,3
3674554,1
29345472,1
21035581,2
323261,1
10873466,1
39177848,2
3386461,1
12766815,1
31504321,3
17208934,1
22895118,1
39444855,1
16653677,2
57282079,1
23601762,1
20631484,2
20674622,1
52933419,1
5570674,1
43521647,1
3194163,1
9958746,1
19324569,1
1391728,4
24222016,5
48417043,1
48484717,1
816508,1
5837471,1
5177124,1
4651848,1
2039744,1
4394942,1
7543951,2
10365564,1
63036168,1
3972387,2
31585677,1
16606682,1
6182351,1
1749357,1
21830393,1
45510964,2
4076483,1
5603130,2
5621962,1
11371011,1
663940,2
3643087,1
22801070,1
38062069,1
18599824,1
5414684,2
34161739,1
34575026,1
12864454,1
17388839,2
4354788,3
7805791,1
15250353,1
64515148,1
5111255,2
21139147,1
1994441,3
1784992,2
2273599,1
14651561,1
1156961,1
885134,3
48220993,1
14719708,1
11502763,1
8338749,1
353987,1
32972782,1
3217757,1
5920166,1
8213233,1
41074558,2
18090988,3
5933557,1
58608941,1
1887985,1
4758062,1
15456630,1
15921412,1
9259583,1
3691656,1
770576,1
42354226,1
51979193,5
5418072,2
17630744,2
6053473,1
7532041,1
44769257,1
3272733,1
42198603,1
27901776,2
60891766,1
56466884,2
8826561,2
2818497,1
15210298,2
22571869,2
5509819,3
3299410,1
37687213,1
3178074,2
38213095,1
9988054,1
8743213,1
31165623,1
4187986,1
7493019,1
13533704,1
39096169,1
63381738,1
13862374,3
7488969,1
893805,5
17074803,1
55230987,2
7543543,1
27154639,1
60648888,1
4897883,4
51685071,1
4218056,1
2788133,1
11821215,1
6556484,1
12499261,1
3707801,2
25355573,1
699922,2
22062164,3
44659167,2
9003940,4
10446842,1
46944869,1
58984000,1
42412632,1
42562716,2
26957005,1
33966344,1
2593787,1
21843087,1
45872759,1
34339104,1
16699580,3
53673288,1
29502146,1
8157090,5
3147705,1
635440,2
17625119,1
3275647,1
183259,1
15901553,4
4335452,1
21686088,1
15005753,1
15493632,1
59963408,1
13885084,2
61702115,2
34341634,1
27826459,1
40565397,1
11901357,4
9497171,1
7725236,1
36137844,1
55536295,7
50517394,1
16186047,1
46055376,1
15118247,1
9310516,1
38309105,1
59002581,1
9381979,1
34884950,1
55247653,1
10005551,1
39642944,1
5820144,1
16818535,7
6616590,1
1947666,1
16167019,1
18623264,1
14239438,1
24818542,1
33756644,1
1400379,3
26401622,1
61108030,1
13266540,1
47983522,4
25141208,1
13175884,1
1354169,2
43661755,4
16296537,2
31347119,1
40509869,2
6390039,1
37963882,1
1765641,1
8826067,1
2534544,1
9100912,1
29582358,1
9868281,1
43056878,2
45799102,1
3728300,1
14528635,3
44978272,1
4999880,1
7953516,1
1481173,1
21006781,1
44197673,1
47009058,1
58487615,1
52628084,1
6833615,1
3137189,2
15192048,1
2034854,1
796417,1
3055948,1
38696457,2
16891380,1
17781371,1
1888840,2
2974985,1
15468215,1
42624449,2
13153811,1
35820978,1
41813973,1
52687968,1
13426564,1
19512522,1
12154173,1
4203052,1
7506723,1
27772097,1
3172605,1
6210727,1
27697364,2
37819180,1
28487180,1
32736439,2
19058585,1
73163,2
39243931,1
7124833,2
45756962,1
42263458,1
52150594,1
64212374,7
32812347,1
28055221,3
1708052,1
8061242,1
37024262,1
7238727,1
24066616,1
10153954,1
10513310,1
58429266,1
65770850,1
10581706,1
17084548,1
1420438,1
5510200,2
7585641,1
13639251,1
63587054,1
44248922,1
6076417,1
3493945,1
23101256,1
3076746,2
8659005,1
59481911,1
35400092,1
9137608,1
1013734,1
32745473,3
7777749,2
33799300,1
9212889,1
30841571,1
509260,1
13172148,8
6787743,1
1987285,1
11504324,2
37607706,1
28567219,1
3403623,1
59282221,1
477726,1
2353086,1
53566124,1
16316559,1
3942088,1
9482414,1
2695715,2
56589944,1
14961360,2
14995288,3
39363377,1
2108468,4
16773140,2
6283549,1
40930673,1
15295256,1
1457147,2
2375577,1
21584007,1
7907955,1
4402804,1
43399128,2
21087946,1
19330455,1
2369858,1
58090404,1
51684001,1
28972600,1
6624921,1
28726468,3
19428734,1
6305400,1
7671343,4
26172847,1
25987671,1
50886274,1
6713444,2
6944776,1
6437237,1
5130797,1
59317466,4
5348486,2
3218675,2
14856350,1
45472359,1
45495375,1
62440606,1
9731738,1
20771029,1
4420585,1
51874213,1
58039985,1
26358893,1
50717179,1
12649864,1
59562315,1
56602146,1
4212095,13
12637431,1
61928676,1
15190372,1
33107111,1
28152234,2
2475597,1
51487464,1
14747474,1
1249627,1
43367776,1
2183754,1
15819987,1
58844455,1
5729069,24
16473035,2
3123768,1
3620390,1
7103757,1
897320,1
36110466,1
3251553,1
51651184,1
7231693,1
2942132,1
58939803,1
8528103,1
10586740,1
44589178,1
50516583,1
24180257,1
17422722,1
34715548,2
16204738,1
1654782,2
35650131,2
7561536,1
28972454,7
55144594,1
6982325,2
20650170,3
28885299,1
24119278,1
7167787,2
35507976,1
9425758,1
12919385,1
2050777,1
1193521,1
28090802,1
9457305,1
8938204,1
8818248,3
23838550,1
42219291,1
73385,4
36117949,1
6539959,1
62956320,1
5796387,2
1608447,1
1344607,3
6859113,1
13034200,2
16622732,1
12980367,1
48659966,1
51676290,1
3250864,1
30922154,1
11899843,1
2150399,1
1266936,1
59456756,1
5443088,7
43689863,1
6166140,1
14374940,3
62242126,1
37207299,1
13662007,1
20173557,1
38724390,1
25036322,2
21932556,1
14309338,1
63374052,1
5000992,1
5582678,1
31953808,1
22874841,1
12661623,1
44233759,1
4083177,1
34883344,1
3412218,1
1109215,1
52808965,1
18905437,7
53537224,2
34756024,1
27596392,1
42126340,8
40306775,1
51720638,1
3594515,1
47499138,2
6283535,1
16620132,1
9800084,3
30234166,4
28171024,1
177617,5
664196,1
21780734,1
17250045,1
51668459,1
18095918,1
35689823,2
10670701,3
6010117,1
34366777,1
7274698,1
7954982,1
25036027,1
8965203,2
36942182,1
31642240,1
17735525,1
21054139,2
3987152,1
190992,1
45653932,1
28043451,5
7181396,1
4654559,1
4639926,1
35839523,1
13879548,1
58550328,1
7363230,1
14066470,1
16583473,1
3454952,2
48468046,2
44405572,3
4145430,1
1306993,9
5695022,1
17909420,2
33894848,1
37320141,1
7666763,1
45800362,1
29107196,1
6246843,1
6660283,1
3479346,7
16504850,1
2201772,15
3137253,1
5650710,2
29057702,1
1474565,3
35858044,2
15693554,1
9626666,1
6619609,3
859557,2
2014393,2
56292003,1
59686298,1
596042,2
39529237,2
2175369,2
6273476,1
19114179,1
51903875,1
30976323,1
27501779,1
25400029,1
47478458,1
3558810,2
846685,1
4814567,2
2829363,1
20163925,4
314306,6
31480670,1
32562724,1
50460260,1
22472422,1
26776498,1
62902427,1
13931058,1
17776052,2
7232636,1
45975782,1
37903744,1
33740534,1
707908,2
27791529,1
1377744,2
7922947,3
50825390,1
207422,1
19950919,1
919480,1
9916442,1
3228884,1
35935724,1
6237805,1
7910873,1
63904306,1
44406585,1
2111829,1
27087744,9
1380631,3
7900375,1
5982709,1
34262691,1
2640851,1
23451615,1
11035932,1
2000656,1
5563779,1
2806879,1
14665040,4
61792026,2
14938436,1
9071996,1
7295487,2
2997794,1
21876304,2
21568131,1
24255250,1
24285540,1
50257816,1
4442199,1
24711930,3
55943389,1
17025004,1
5164945,1
6715457,2
14227531,1
843189,1
51638595,1
40774543,2
41189863,1
32734740,1
54089262,1
57992918,1
1029387,1
12573068,1
8856051,1
29735245,1
37159093,2
29491305,1
7016433,1
57302963,1
10053481,1
36637665,1
21061895,2
4166229,3
34205657,1
3748419,1
3250728,1
45381191,1
6467356,1
9323310,1
10464595,1
54937914,1
21809759,1
23577189,1
39209565,1
67353,1
267921,1
2032512,1
45515449,1
3899934,1
12629272,1
357379,1
3348832,8
51091161,3
3226879,1
53754530,1
63498776,1
23110549,1
46696994,1
3523779,4
9915110,1
2499677,1
19341309,1
22362749,1
50829927,1
35217950,1
63100809,1
5931427,1
24249039,4
2637391,2
612665,13
13398766,1
8936234,1
30043169,4
8063593,1
2100361,1
29563542,1
14929633,1
384518,1
55637056,1
59763727,4
4378381,2
58823630,2
39692921,1
35794855,1
947485,1
9142587,1
6560065,1
36470275,1
3238524,1
15170587,1
23571627,2
13055462,1
6512124,1
38148163,1
20518818,2
53576961,1
35455579,1
4960486,1
6369081,1
33381049,3
34263694,1
43614678,1
31806214,1
9233837,3
43259813,1
785906,1
1929411,1
49321330,1
4261436,1
12390424,1
11621757,3
1227290,1
6412116,1
2555053,1
11029740,1
8572298,1
2978360,1
13528552,1
17036488,2
43379257,1
41813629,1
9145342,1
64947175,1
24506519,1
33314396,1
25966018,1
31405034,1
26753620,1
12478942,1
5086244,1
15464931,1
25984221,1
26409724,1
16368766,1
6951810,1
64420542,1
23715211,1
17029557,1
9379747,1
10480589,1
41272318,1
10034965,1
64231844,3
9857118,1
2289625,1
1179827,1
12757460,1
36492039,1
9456665,3
19468585,1
18708334,1
34189475,1
842868,2
7263547,1
2179340,1
6554470,1
5623385,1
27573303,2
6622753,1
9369089,1
730749,1
20202101,3
45721182,1
11286894,1
38777924,1
3073,1
31531035,1
23486605,1
3326018,1
6710244,1
22120751,1
1435464,11
56868274,1
20884183,3
4433021,1
9355754,1
30686322,1
41649542,1
25642195,1
5969578,1
3459017,1
16303439,1
3951452,2
32255401,1
44148077,1
14889243,1
46771735,1
13742079,1
8667421,1
4762195,1
7595640,1
50510902,2
1739246,1
7233865,1
4485514,1
47000837,1
5582465,1
50471414,1
31538271,1
46872590,1
21354863,1
6163032,3
7576804,4
12685758,1
5347136,1
2366949,6
31302475,1
38548128,1
8103108,2
9465372,1
8636492,1
9405802,1
38101869,1
2979129,2
25832689,1
2969151,1
60011601,1
19283638,1
8141159,2
13636183,1
3854410,1
3025859,1
26103765,1
8919987,1
33660544,1
6251419,2
30217588,1
32152870,1
23329430,1
12376712,1
666414,1
51218219,1
28034990,3
7384963,1
29694019,1
11086217,2
60020984,1
6782669,1
38648873,2
47532777,1
27410239,1
3379189,3
382785,1
311308,1
56855891,3
6445010,2
852613,2
22317689,1
2822336,2
64403763,1
16499274,1
6981341,1
38430021,1
1697782,3
41261810,1
8289230,3
11549660,1
12997716,1
34345843,1
31146693,1
2861451,2
2565810,3
58729086,1
40697315,1
42698484,1
4697458,2
20576314,1
64763737,1
1895052,1
1288050,1
50739579,1
30777206,1
36806160,1
13066925,2
3558883,1
19032485,1
23684724,1
4065255,1
23776304,1
3038266,3
39410432,1
43651845,1
33184739,1
58464794,1
2626568,1
16036974,1
6441529,1
35767835,1
16844520,2
20343637,1
26036154,1
15104870,1
17969704,4
29890774,3
47692603,1
5817294,2
9389031,1
3996198,4
2551150,1
23836343,1
43857929,1
55896608,1
45575505,1
2745577,3
14625850,1
45009624,1
7772486,2
1315661,1
559889,1
19481791,1
34250298,1
2968400,1
8727301,2
34214786,1
46766081,1
3480802,1
7632206,2
34107498,1
33204783,1
12508302,1
12492096,1
13500082,1
60366102,3
38568209,1
7995179,1
6892245,1
7200905,1
2859088,1
40873434,1
6266322,1
3447163,1
7923021,1
40885053,1
901249,1
40765418,1
19257678,1
11528122,1
13441962,1
3874266,1
31135850,2
37143752,2
61228193,1
41185477,1
20731634,3
6860226,1
58871212,2
35951847,1
17546586,1
2110970,1
1935498,2
13196667,2
22104244,1
15377381,2
3685432,1
23737511,2
32479280,1
17920207,1
7644919,2
32206068,1
60588760,1
4022159,2
3342699,2
62984598,2
7099685,1
30766850,1
6692402,1
19345700,2
15233770,1
37300097,1
9866017,1
50140578,1
46923298,1
2296756,1
2906635,1
3276434,1
59034300,2
29193513,2
47778948,1
31977151,2
32665441,3
14037435,1
920865,1
18791653,3
34812668,1
5919250,1
16060862,1
17689755,1
6860148,1
29820027,1
19021625,1
21682738,1
18319685,1
55387423,1
5157262,3
9993707,1
7190947,2
31097316,1
3515147,1
641173,1
400416,3
15635203,2
13383663,1
37811027,1
44066961,1
24661511,1
28584132,1
3536283,1
7035577,1
51650374,1
17565694,1
6953857,1
27415240,1
7199088,3
4833652,2
3948707,1
14163069,1
4429613,1
2545103,1
39120114,1
54322274,1
18728824,1
1458912,1
43798204,1
6184290,2
23557943,1
10404842,1
45032081,1
27839532,1
34023495,2
7893470,1
1006757,1
4425048,1
1889661,1
41561119,2
34098721,1
18335909,3
38495653,1
35054945,1
37308706,5
9477063,2
15442651,1
1820272,8
24942275,1
6777896,3
4480259,1
52692253,1
23905845,2
18098585,1
3839675,1
19285954,3
57270618,1
48891239,2
7040161,1
14219771,1
1440152,4
759411,1
41018859,1
1405013,16
44751520,1
14580203,5
8085980,1
4214921,2
4441820,1
30333067,1
9619261,2
1804221,1
28198128,1
1141149,1
5980311,1
4030082,3
4260395,4
16807689,1
5063078,1
5846518,1
12091634,1
977358,1
59467227,1
11992113,1
7668052,1
37143874,1
1230477,1
34144008,1
43349865,1
41501178,1
26344458,2
1744516,3
4239235,2
35053915,1
3397801,4
11388974,1
5683688,1
5754263,2
38490213,1
21445753,1
37212877,1
3099440,1
13952311,1
25842745,2
2307388,1
17350545,1
47614034,1
429939,1
8534655,1
19846313,2
24349404,1
13442908,1
44730226,1
3139820,2
28626744,1
47269217,1
30043970,1
53246818,2
9502637,1
14374035,1
38635436,6
59019051,1
31510583,1
26923111,1
4426113,1
7540642,1
4905017,1
323105,2
13459503,1
29854249,1
9066280,4
6545489,2
11486267,1
38164221,2
7352678,1
58598814,1
13516193,2
35006030,1
55384498,1
27767225,1
51083725,1
27217449,1
7279588,1
15820486,1
21364993,1
58971805,1
39856474,1
17973595,1
18049156,1
24192914,7
2620770,1
8033828,1
5045313,1
36871755,1
23683666,1
641496,1
12638790,1
17759760,3
16364791,2
5359193,1
326665,3
35978860,1
49408600,1
9208053,1
45348954,1
25405839,1
16987668,2
55578204,1
20054374,1
2919352,1
29683730,2
4042185,2
40681358,1
9826794,1
36192296,1
6250082,1
55164733,1
34661991,1
9596435,1
7083044,1
63415082,2
43800292,1
44238946,1
2345693,1
5129138,1
27274671,1
131794,17
12343555,1
6569068,1
5092573,1
6540118,1
37701624,1
13095613,1
8833967,2
10748517,1
133272,1
51388490,1
14828113,1
53305458,1
10443875,1
26425585,1
11146364,5
4492331,2
18229665,2
6356319,1
857739,2
64531453,1
3021048,1
7330880,2
2039014,1
61928398,1
19506979,2
38431132,1
1348378,2
54392759,1
30296418,1
43425668,1
2689815,1
4002679,1
7290200,5
54607868,1
2586749,1
1853874,1
9465190,2
54701110,1
26263510,1
5096192,1
7505567,13
27857097,1
3562295,1
12360930,1
7261417,1
34220835,1
15767747,3
19125522,1
32968395,4
38105472,2
43595022,1
36522638,4
27048738,2
10290445,1
657293,1
8788956,1
19820492,1
16626768,1
28102642,2
7716971,1
53697043,1
7141963,1
5860860,3
507808,3
15563421,1
19046536,1
6973725,1
4543462,2
1868541,1
16410713,1
35077189,3
59457307,1
1889192,1
29016898,1
11246809,2
7961908,1
7977382,1
14959749,1
6813078,1
2609611,1
7404370,1
17529040,1
31331146,1
4805453,2
41198402,1
38021577,1
28085282,2
971511,1
4794867,1
6581342,1
43687105,1
11351550,1
16151867,1
19340472,1
19549686,1
4269183,4
1839503,1
1228784,5
45586804,1
21993673,1
12376016,2
3171938,1
40100463,2
8795127,1
42412963,1
793295,1
23737702,1
7514874,1
23769435,2
4585497,1
2747795,1
4754449,2
52098284,1
11478423,3
3516334,2
41371674,1
64003841,8
15472999,1
29098796,1
6141997,1
1748988,1
23565034,1
18238048,1
6741457,2
6141426,1
21312777,1
58728533,1
834809,1
249351,2
23421266,2
3983693,1
2346707,1
14572868,1
18973107,1
4046234,1
14257329,2
1920353,2
9122792,1
8833942,1
7576130,1
35712072,5
52625826,1
1701739,1
15947781,1
9078544,4
16022141,1
19350559,5
40664388,1
6972846,1
49196496,1
4439624,3
13330786,1
6836139,1
2379410,1
33422983,1
20553380,1
38350881,2
19327835,3
11970154,1
51049157,1
2150124,1
2272005,1
5186580,1
50365888,2
12693492,1
4458114,1
20717056,1
5414485,1
704179,1
59883811,1
27636974,1
19165689,1
50809795,1
11349764,1
7091892,1
5035923,1
36780160,1
855228,1
28650046,2
42967601,1
18331651,1
5664950,1
8040064,1
45383749,1
61762011,1
50368311,1
18183207,1
7513107,1
22186056,1
4329316,1
10126736,1
15846191,1
29670225,1
15705357,5
59557620,1
30486410,1
30894353,1
45881221,1
1906719,1
17306347,1
16853760,1
1934116,1
6611013,3
28378256,1
1145258,1
42374489,1
22855908,1
60358734,3
12857103,1
20012759,1
2976634,2
1659949,1
46137329,1
11242519,1
47964103,3
9447782,1
58372026,1
2319817,1
48353729,1
10853454,1
22222396,1
3510465,1
6145815,1
3654234,1
6642595,1
5043602,1
7270766,1
54358473,1
9103636,1
6629734,1
26489217,1
47708177,1
23150703,1
16515962,1
1890653,2
134673,1
49716497,1
31999566,1
10674922,1
24227608,1
31319688,1
13645482,1
2679993,1
37977553,1
17318030,1
5606030,2
10715954,1
2123474,2
10761926,1
10282205,3
14034665,2
4990426,1
18217291,1
5060686,2
14891414,1
14693377,1
2542659,2
8281212,2
1310703,1
52569062,2
35751679,2
4207992,1
8587915,2
7681300,1
10217072,1
26339415,1
1384020,1
7083259,2
16177578,1
6123914,1
45653770,1
16826773,1
29449252,3
5343477,1
31444478,2
880785,3
17932695,2
3353128,1
10033475,1
14836197,2
9517537,2
12835199,1
42444332,1
248649,2
396363,53
19377754,1
1037730,2
1264575,4
14792946,1
35373929,1
52679063,1
32519451,1
53931161,1
3159328,2
58541848,1
242275,1
2726243,5
4788872,1
47364850,1
31087298,3
383697,14
17448281,1
6680972,2
62983936,1
63630888,1
16576133,1
29066395,1
10474254,1
25605008,2
18750668,1
8700587,1
5149887,1
53897410,2
46656383,1
18331662,1
32122094,1
22748480,1
36525800,1
1716315,4
63259862,1
10339454,1
10228376,1
57727877,1
32971453,1
53966923,1
50467850,3
13922895,1
1392818,1
3437844,1
17470168,1
17043558,1
46160156,1
33297277,1
37407221,1
40190116,1
61510582,1
152232,4
2525519,2
60186232,1
23334382,1
26593318,2
47803455,1
53996521,1
2678086,1
7554448,2
9588826,4
9390403,1
43022951,1
48504009,1
2368602,1
59865585,2
2667830,1
27649553,1
31614323,1
4369117,1
4626127,2
42681166,1
2699759,1
13794018,1
55916020,1
16254950,2
2001386,1
16282480,2
42363633,1
7851753,1
22400613,1
1330487,2
1100014,3
30104624,1
48645551,3
2081394,2
32507009,1
6020535,1
4627845,4
5441643,3
3455268,3
1498598,1
27542219,1
3811607,1
2660281,1
9404892,1
24719388,1
14542548,1
3994494,1
10331383,1
45158177,1
320928,1
128152,1
23419183,3
12800307,1
7153650,1
24618689,2
2701518,1
978773,2
52956231,1
37213784,1
20639368,2
29213705,1
58916906,1
37224044,14
440881,2
13238434,1
6614111,1
64223815,1
55230394,1
14871323,27
19568982,2
4289463,2
31472700,1
8810445,1
47641946,4
7111708,1
3800647,2
1337594,1
15371432,1
6599418,1
14748487,1
50915773,1
24591380,1
5117998,2
1640995,2
18821387,7
1729823,1
6958046,1
8258141,2
51717454,1
3038197,5
22079487,1
2680490,1
41807465,8
12393916,1
15457274,1
33180134,1
43161356,2
46615860,1
26666198,2
34109538,1
864098,1
52153129,1
10540108,1
17764357,1
15188200,1
36056910,1
5159049,1
46216822,1
7186444,1
29936185,1
490987,3
20296916,1
11994044,1
20977157,2
8545916,1
2650341,1
4232898,1
2176121,2
17910806,2
38628842,1
27799623,1
518063,1
1723282,1
46551844,1
44902056,1
2235029,1
8872272,2
13059215,1
2036118,1
37991346,1
1995220,1
10541894,4
1553742,1
62507789,2
5715182,2
4652227,1
8170808,1
51001458,1
15556782,1
1039664,1
3041333,1
797259,1
59288842,2
42126341,9
1447164,1
14516299,1
22848185,1
9085625,1
35972676,1
10286829,1
35618536,1
1794604,1
31200115,1
7589561,1
36127665,1
3463367,1
57801844,1
2365702,2
9007369,27
5721224,2
6791769,1
25940422,1
206620,2
3400078,1
17503797,2
5024572,2
3420040,1
19624279,1
5320036,1
44528778,1
11487207,1
14040875,1
17779078,1
18380751,1
43115698,1
43248063,1
1716612,6
21395093,1
20595458,1
65562629,1
64932354,1
38539914,1
6381793,1
15443338,1
50126587,1
49874728,4
21778645,3
36336748,1
25356004,1
4382099,2
55095451,1
655334,1
6988441,1
8594128,3
23745403,1
26193449,1
7131682,1
16571116,1
40264838,1
35896271,1
3952487,2
51298531,1
5011895,1
24291564,1
9740540,2
61622968,1
1476602,1
64887248,1
14394343,1
40294124,1
6497267,1
30161927,1
14821932,2
6678619,1
7547875,1
18714675,1
10719273,2
13142633,2
10362216,1
7866511,3
2953177,1
3053821,1
30474325,1
40507733,2
2509252,11
15133270,1
2816686,1
34672155,1
3890913,2
4369049,2
5373985,2
45263964,2
4076426,3
4999763,1
3366752,1
56948537,1
34927364,1
18522689,1
24159330,1
58472702,1
25192806,1
1994100,3
2314741,1
40202597,1
1883497,1
1993403,1
45827229,2
2815154,1
27142955,5
36186375,1
8010178,1
12060104,1
5035608,1
50062267,3
2769731,1
10690405,1
1201857,2
17683606,1
56503929,1
8387203,1
39808548,1
20662039,1
9784103,2
10017835,1
17964293,3
2220603,1
16893574,1
25333828,1
64075708,1
48309752,1
39415792,1
25386215,1
266154,1
27314257,1
4474289,1
10469973,2
20547319,1
2991774,1
46536544,1
2396640,1
959802,3
54297455,2
3659609,1
11202249,2
53725081,1
35387383,2
11017778,1
34503045,1
10968594,1
4357751,1
1369675,3
151623,1
2315812,1
3074085,1
44726536,2
37878700,2
703797,2
12999510,2
11813460,1
7416666,1
206635,4
114509,1
9390264,1
39328627,28
54770353,1
48956187,1
29512833,2
58828388,2
7765659,2
5517860,1
39858086,1
43554343,1
6975574,1
6329792,1
34217206,1
56441039,1
23939670,3
6766234,2
1799818,1
2967830,2
12482220,4
3376710,7
7743468,1
63641168,1
34528685,1
1452576,1
6500377,9
